{"type":"FeatureCollection","name":"sea_girt_road_centerlines","metadata":{"source":"NJOGIS NG911 Road Centerlines (Tran_road)","url":"https://services2.arcgis.com/XVOqAjTOJ5P6ngMu/arcgis/rest/services/Tran_road/FeatureServer/0","query_url":"https://services2.arcgis.com/XVOqAjTOJ5P6ngMu/arcgis/rest/services/Tran_road/FeatureServer/0/query","retrieved_at_utc":"2026-09-04T20:06:05.370864+00:00","source_last_edit_date":1785341586960,"out_sr":4326,"query_envelope_wgs84":[-74.0463258,40.1171864,-74.0251906,40.1407097],"spatial_relationship":"esriSpatialRelIntersects","boundary_file":"sea_girt_boundary.geojson","boundary_sha256":"06848368b931ad45bb9798905b359eb6ac87dfb604f14702601f86844c959d14","fields":["OBJECTID","PRIMENAME","ELEVTYP_F","ELEVTYP_T"],"feature_count":408,"complete_objectid_inventory_verified":true,"municipal_clipping":"Envelope selection only; clip against the actual municipal boundary in the application."},"features":[{"type":"Feature","id":1863,"properties":{"OBJECTID":1863,"PRIMENAME":"5th Avenue","ELEVTYP_F":0,"ELEVTYP_T":0},"geometry":{"type":"LineString","coordinates":[[-74.0382535844127,40.1338490552706],[-74.0384814337835,40.132969108656],[-74.0385187649069,40.1328277932257]]}},{"type":"Feature","id":3293,"properties":{"OBJECTID":3293,"PRIMENAME":"4th Avenue","ELEVTYP_F":0,"ELEVTYP_T":0},"geometry":{"type":"LineString","coordinates":[[-74.0378678643806,40.1283007355798],[-74.0376761593932,40.1290147901299],[-74.0375821276422,40.1293748436166]]}},{"type":"Feature","id":3443,"properties":{"OBJECTID":3443,"PRIMENAME":"Baltimore Boulevard","ELEVTYP_F":0,"ELEVTYP_T":0},"geometry":{"type":"LineString","coordinates":[[-74.0416939503249,40.1343934958049],[-74.042627057708,40.1345405764731],[-74.0426829387526,40.1345493851842]]}},{"type":"Feature","id":3621,"properties":{"OBJECTID":3621,"PRIMENAME":"Cresent Parkway","ELEVTYP_F":0,"ELEVTYP_T":0},"geometry":{"type":"LineString","coordinates":[[-74.0351764740485,40.1300404727138],[-74.0339884301784,40.1298531365706],[-74.0330394527777,40.1297063393391],[-74.032898510433,40.1296845219977]]}},{"type":"Feature","id":4554,"properties":{"OBJECTID":4554,"PRIMENAME":"Camp Drive","ELEVTYP_F":0,"ELEVTYP_T":0},"geometry":{"type":"LineString","coordinates":[[-74.0429354242751,40.1286931392008],[-74.0429757190927,40.1286131867811],[-74.0431099583749,40.1283434973819],[-74.0432329987845,40.1280959727415],[-74.0432772678888,40.1280060743031],[-74.0433208589717,40.127915957008],[-74.0433637355481,40.1278256378262],[-74.0433826252932,40.127784247456]]}},{"type":"Feature","id":4602,"properties":{"OBJECTID":4602,"PRIMENAME":"Chicago Boulevard","ELEVTYP_F":0,"ELEVTYP_T":0},"geometry":{"type":"LineString","coordinates":[[-74.0421723411289,40.1376543501449],[-74.0408616284555,40.1374525425101]]}},{"type":"Feature","id":5046,"properties":{"OBJECTID":5046,"PRIMENAME":"4th Avenue","ELEVTYP_F":0,"ELEVTYP_T":0},"geometry":{"type":"LineString","coordinates":[[-74.0361894977264,40.1345937851844],[-74.035949385179,40.1354993176163],[-74.035919761134,40.1356110422351]]}},{"type":"Feature","id":5062,"properties":{"OBJECTID":5062,"PRIMENAME":"Trenton Boulevard","ELEVTYP_F":0,"ELEVTYP_T":0},"geometry":{"type":"LineString","coordinates":[[-74.0378678643806,40.1283007355798],[-74.0365337615314,40.1280903579004],[-74.0357320405419,40.1279647895202]]}},{"type":"Feature","id":6176,"properties":{"OBJECTID":6176,"PRIMENAME":"Stockton Avenue","ELEVTYP_F":0,"ELEVTYP_T":0},"geometry":{"type":"LineString","coordinates":[[-74.0338311443359,40.1173648125447],[-74.0337495550891,40.1173526517964],[-74.0330049716423,40.117241651475],[-74.0329481031354,40.1172331592588]]}},{"type":"Feature","id":6250,"properties":{"OBJECTID":6250,"PRIMENAME":"7th Avenue","ELEVTYP_F":0,"ELEVTYP_T":0},"geometry":{"type":"LineString","coordinates":[[-74.042189634222,40.1387232418214],[-74.0421977455524,40.1390495510156],[-74.0421978290207,40.1390801295519],[-74.0421981140839,40.1391838371824],[-74.0421986588021,40.1393824481562]]}},{"type":"Feature","id":6671,"properties":{"OBJECTID":6671,"PRIMENAME":"2nd Avenue","ELEVTYP_F":0,"ELEVTYP_T":0},"geometry":{"type":"LineString","coordinates":[[-74.032290174297,40.1318468667393],[-74.032540791678,40.1308958667911],[-74.0325600099445,40.1308261043785]]}},{"type":"Feature","id":6735,"properties":{"OBJECTID":6735,"PRIMENAME":"Fletcher Avenue","ELEVTYP_F":0,"ELEVTYP_T":0},"geometry":{"type":"LineString","coordinates":[[-74.0431647023603,40.119647273917],[-74.0446899759164,40.1206400499249],[-74.0447805230617,40.1206986064173]]}},{"type":"Feature","id":9075,"properties":{"OBJECTID":9075,"PRIMENAME":"Unnamed Segment","ELEVTYP_F":0,"ELEVTYP_T":0},"geometry":{"type":"LineString","coordinates":[[-74.0339994202129,40.1194691377855],[-74.0332974211892,40.1192691382225],[-74.0330534212258,40.1192611392798]]}},{"type":"Feature","id":10855,"properties":{"OBJECTID":10855,"PRIMENAME":"Brooklyn Boulevard","ELEVTYP_F":0,"ELEVTYP_T":0},"geometry":{"type":"LineString","coordinates":[[-74.0394454348261,40.1361709084588],[-74.0393230595784,40.1361514794267],[-74.0377114773932,40.1358955381155]]}},{"type":"Feature","id":11539,"properties":{"OBJECTID":11539,"PRIMENAME":"Ocean Avenue","ELEVTYP_F":0,"ELEVTYP_T":0},"geometry":{"type":"LineString","coordinates":[[-74.0278112744428,40.1343363500605],[-74.0278549535732,40.1341749949818],[-74.0280719483227,40.1333275305585]]}},{"type":"Feature","id":12253,"properties":{"OBJECTID":12253,"PRIMENAME":"Unnamed Segment","ELEVTYP_F":0,"ELEVTYP_T":0},"geometry":{"type":"LineString","coordinates":[[-74.0399844246302,40.1250291388068],[-74.0408884242122,40.1256161406462],[-74.0426790947124,40.1267769253344],[-74.0426794241517,40.1267771400977],[-74.0431266639949,40.1270645649044]]}},{"type":"Feature","id":12284,"properties":{"OBJECTID":12284,"PRIMENAME":"Sea Girt Avenue","ELEVTYP_F":0,"ELEVTYP_T":0},"geometry":{"type":"LineString","coordinates":[[-74.0408063737533,40.1289004283596],[-74.041338020003,40.1292342862818],[-74.0422036453351,40.1297858096945],[-74.042306102349,40.1298510855978]]}},{"type":"Feature","id":13045,"properties":{"OBJECTID":13045,"PRIMENAME":"Morven Terrace","ELEVTYP_F":0,"ELEVTYP_T":0},"geometry":{"type":"LineString","coordinates":[[-74.030546957646,40.1270426346968],[-74.0305812155804,40.1269129758207],[-74.0310274612541,40.1252228040324],[-74.0310533471845,40.1251247098191]]}},{"type":"Feature","id":14251,"properties":{"OBJECTID":14251,"PRIMENAME":"5th Avenue","ELEVTYP_F":0,"ELEVTYP_T":0},"geometry":{"type":"LineString","coordinates":[[-74.0367869742769,40.1392631685437],[-74.0368184736442,40.1391965845202],[-74.0371242993011,40.138058676884],[-74.037157109073,40.1379359836007]]}},{"type":"Feature","id":15209,"properties":{"OBJECTID":15209,"PRIMENAME":"Stockton Lake Boulevard","ELEVTYP_F":0,"ELEVTYP_T":0},"geometry":{"type":"LineString","coordinates":[[-74.0441879507156,40.1245319224433],[-74.0451626106312,40.1251697525106],[-74.0452667329128,40.1252382415232],[-74.0455321328126,40.1254128166213]]}},{"type":"Feature","id":17792,"properties":{"OBJECTID":17792,"PRIMENAME":"2nd Avenue","ELEVTYP_F":0,"ELEVTYP_T":0},"geometry":{"type":"LineString","coordinates":[[-74.0329794234016,40.1292853531672],[-74.0329457828198,40.1294297026629],[-74.032898510433,40.1296845219977]]}},{"type":"Feature","id":22880,"properties":{"OBJECTID":22880,"PRIMENAME":"North Potter Avenue","ELEVTYP_F":0,"ELEVTYP_T":0},"geometry":{"type":"LineString","coordinates":[[-74.0384806187194,40.1178382190035],[-74.0383757864669,40.1179316905999],[-74.0382218706322,40.1180707582211]]}},{"type":"Feature","id":24614,"properties":{"OBJECTID":24614,"PRIMENAME":"6th Avenue","ELEVTYP_F":0,"ELEVTYP_T":0},"geometry":{"type":"LineString","coordinates":[[-74.0400204390176,40.1341288039158],[-74.0398860153374,40.1346237948467],[-74.0397465300363,40.1351582154233]]}},{"type":"Feature","id":27419,"properties":{"OBJECTID":27419,"PRIMENAME":"Baltimore Boulevard","ELEVTYP_F":0,"ELEVTYP_T":0},"geometry":{"type":"LineString","coordinates":[[-74.0426829387526,40.1345493851842],[-74.0428979221582,40.1345832872612],[-74.0445914502399,40.1348425806695],[-74.0447345173774,40.1348645020202]]}},{"type":"Feature","id":30007,"properties":{"OBJECTID":30007,"PRIMENAME":"3rd Avenue","ELEVTYP_F":0,"ELEVTYP_T":0},"geometry":{"type":"LineString","coordinates":[[-74.0345984364218,40.1322122858637],[-74.0348701230277,40.1311879831751]]}},{"type":"Feature","id":33349,"properties":{"OBJECTID":33349,"PRIMENAME":"Unnamed Segment","ELEVTYP_F":0,"ELEVTYP_T":0},"geometry":{"type":"LineString","coordinates":[[-74.0397534628838,40.1282397492466],[-74.0401054805481,40.1279368133524],[-74.0407863678975,40.1272935058944],[-74.0411916288316,40.1275568945114],[-74.0419901388122,40.1280807413762]]}},{"type":"Feature","id":36122,"properties":{"OBJECTID":36122,"PRIMENAME":"Boston Boulevard","ELEVTYP_F":0,"ELEVTYP_T":0},"geometry":{"type":"LineString","coordinates":[[-74.0422449894775,40.1323501038157],[-74.0421616803191,40.1323355265591],[-74.041826767391,40.1322770175549]]}},{"type":"Feature","id":36315,"properties":{"OBJECTID":36315,"PRIMENAME":"Chicago Boulevard","ELEVTYP_F":0,"ELEVTYP_T":0},"geometry":{"type":"LineString","coordinates":[[-74.0335145049633,40.1362989292179],[-74.0352794719772,40.1365753658881],[-74.0355505797823,40.1366178246246],[-74.0356481602244,40.1366329033922]]}},{"type":"Feature","id":44886,"properties":{"OBJECTID":44886,"PRIMENAME":"3rd Avenue","ELEVTYP_F":0,"ELEVTYP_T":0},"geometry":{"type":"LineString","coordinates":[[-74.0329132801566,40.1385085496023],[-74.0329299761959,40.1384469858782],[-74.0330867437192,40.1378679192549]]}},{"type":"Feature","id":46887,"properties":{"OBJECTID":46887,"PRIMENAME":"1st Avenue","ELEVTYP_F":0,"ELEVTYP_T":0},"geometry":{"type":"LineString","coordinates":[[-74.0279007628852,40.1405542176599],[-74.0277641604884,40.1409926598637],[-74.0275837545545,40.1415682142671]]}},{"type":"Feature","id":49126,"properties":{"OBJECTID":49126,"PRIMENAME":"7th Avenue","ELEVTYP_F":0,"ELEVTYP_T":0},"geometry":{"type":"LineString","coordinates":[[-74.0436472920117,40.1305177990807],[-74.0436243707919,40.1305972977766],[-74.0435889633347,40.1307148759511],[-74.0435381557234,40.1309158238505],[-74.0434364483056,40.1313367975013],[-74.0434077128778,40.1314619793687]]}},{"type":"Feature","id":49315,"properties":{"OBJECTID":49315,"PRIMENAME":"1st Avenue","ELEVTYP_F":0,"ELEVTYP_T":0},"geometry":{"type":"LineString","coordinates":[[-74.031530030975,40.1262384009275],[-74.031650675125,40.1257877265889],[-74.0317963873187,40.1252433749655]]}},{"type":"Feature","id":49407,"properties":{"OBJECTID":49407,"PRIMENAME":"Seaside Place","ELEVTYP_F":0,"ELEVTYP_T":0},"geometry":{"type":"LineString","coordinates":[[-74.0310411838645,40.1242272039923],[-74.0307862098196,40.1241875372449]]}},{"type":"Feature","id":49573,"properties":{"OBJECTID":49573,"PRIMENAME":"5th Avenue","ELEVTYP_F":0,"ELEVTYP_T":0},"geometry":{"type":"LineString","coordinates":[[-74.0379846240539,40.1348781526991],[-74.0381115968771,40.1343974921098],[-74.0382535844127,40.1338490552706]]}},{"type":"Feature","id":49775,"properties":{"OBJECTID":49775,"PRIMENAME":"7th Avenue","ELEVTYP_F":0,"ELEVTYP_T":0},"geometry":{"type":"LineString","coordinates":[[-74.0426829387526,40.1345493851842],[-74.0426472997259,40.1347009493899],[-74.0426253860092,40.1347899351098],[-74.0424333435596,40.1355697571046]]}},{"type":"Feature","id":51188,"properties":{"OBJECTID":51188,"PRIMENAME":"2nd Avenue","ELEVTYP_F":0,"ELEVTYP_T":0},"geometry":{"type":"LineString","coordinates":[[-74.0320201986039,40.1328712799875],[-74.032290174297,40.1318468667393]]}},{"type":"Feature","id":51805,"properties":{"OBJECTID":51805,"PRIMENAME":"Philadelphia Boulevard","ELEVTYP_F":0,"ELEVTYP_T":0},"geometry":{"type":"LineString","coordinates":[[-74.0345984364218,40.1322122858637],[-74.0362308016248,40.1324691778555],[-74.0367377497603,40.1325481568716]]}},{"type":"Feature","id":51976,"properties":{"OBJECTID":51976,"PRIMENAME":"North Potter Avenue","ELEVTYP_F":0,"ELEVTYP_T":0},"geometry":{"type":"LineString","coordinates":[[-74.0380174411548,40.1182554979253],[-74.0376824781046,40.1185580926163],[-74.0375887484677,40.1186435097305]]}},{"type":"Feature","id":52517,"properties":{"OBJECTID":52517,"PRIMENAME":"4th Avenue","ELEVTYP_F":0,"ELEVTYP_T":0},"geometry":{"type":"LineString","coordinates":[[-74.0375821276422,40.1293748436166],[-74.0373701953333,40.1301860276634],[-74.0373185709414,40.1303782941642]]}},{"type":"Feature","id":52955,"properties":{"OBJECTID":52955,"PRIMENAME":"West Chicago Boulevard","ELEVTYP_F":0,"ELEVTYP_T":0},"geometry":{"type":"LineString","coordinates":[[-74.0446661830979,40.1380342744732],[-74.0445179684205,40.13801090611],[-74.0430910838059,40.137795572573],[-74.0430256206823,40.1377857048725]]}},{"type":"Feature","id":53066,"properties":{"OBJECTID":53066,"PRIMENAME":"2nd Avenue","ELEVTYP_F":0,"ELEVTYP_T":0},"geometry":{"type":"LineString","coordinates":[[-74.0334188166676,40.1276024208818],[-74.0332035345632,40.1284106180262],[-74.0331461402613,40.1286343753192],[-74.0331368023684,40.1286767797527]]}},{"type":"Feature","id":53250,"properties":{"OBJECTID":53250,"PRIMENAME":"The Terrace","ELEVTYP_F":0,"ELEVTYP_T":0},"geometry":{"type":"LineString","coordinates":[[-74.0329132801566,40.1385085496023],[-74.0330349715887,40.1385236458562],[-74.033171439656,40.1385432752456],[-74.0333016259753,40.1385819322156],[-74.0334689460441,40.1386302651726],[-74.0336114395838,40.1386737206788],[-74.0337974340541,40.1387269317138],[-74.0339276474131,40.1387512573151],[-74.0341013618803,40.1387853113402],[-74.0342624233747,40.1388336449916],[-74.034373906841,40.1388769748391],[-74.0345039281013,40.1389346819496],[-74.0346154442888,40.1389732623923],[-74.0347271243087,40.1389880140053],[-74.0349505796571,40.1390032144386],[-74.0350106476431,40.139012103109]]}},{"type":"Feature","id":53597,"properties":{"OBJECTID":53597,"PRIMENAME":"3rd Avenue","ELEVTYP_F":0,"ELEVTYP_T":0},"geometry":{"type":"LineString","coordinates":[[-74.035136251418,40.1301908634282],[-74.0351764740485,40.1300404727138]]}},{"type":"Feature","id":53649,"properties":{"OBJECTID":53649,"PRIMENAME":"Manasquan Turnpike","ELEVTYP_F":0,"ELEVTYP_T":0},"geometry":{"type":"LineString","coordinates":[[-74.0460343497877,40.13187924028],[-74.045781603135,40.1325009096801],[-74.0456187278117,40.1328765947823]]}},{"type":"Feature","id":54035,"properties":{"OBJECTID":54035,"PRIMENAME":"Wyckoff Avenue","ELEVTYP_F":0,"ELEVTYP_T":0},"geometry":{"type":"LineString","coordinates":[[-74.0431497749884,40.1238169375382],[-74.0432538266572,40.1237228542803],[-74.0440096346713,40.1230395089264]]}},{"type":"Feature","id":54315,"properties":{"OBJECTID":54315,"PRIMENAME":"1st Avenue","ELEVTYP_F":0,"ELEVTYP_T":0},"geometry":{"type":"LineString","coordinates":[[-74.0334137735537,40.1153768525147],[-74.0333948444753,40.1155096212859],[-74.0329931181475,40.1170665362968],[-74.0329481031354,40.1172331592588]]}},{"type":"Feature","id":54670,"properties":{"OBJECTID":54670,"PRIMENAME":"Lake Avenue","ELEVTYP_F":0,"ELEVTYP_T":0},"geometry":{"type":"LineString","coordinates":[[-74.0380174411548,40.1182554979253],[-74.0381062761989,40.1183119380038],[-74.0392313199248,40.1190265738416],[-74.0392848927946,40.1190681032599]]}},{"type":"Feature","id":54985,"properties":{"OBJECTID":54985,"PRIMENAME":"Seaside Place","ELEVTYP_F":0,"ELEVTYP_T":0},"geometry":{"type":"LineString","coordinates":[[-74.0341230282353,40.1247065261115],[-74.0339837420839,40.1246848653643],[-74.0338066200194,40.1246573201879],[-74.0320267482299,40.1243805269906]]}},{"type":"Feature","id":55033,"properties":{"OBJECTID":55033,"PRIMENAME":"Euclid Avenue","ELEVTYP_F":0,"ELEVTYP_T":0},"geometry":{"type":"LineString","coordinates":[[-74.0459987060011,40.1189910910296],[-74.047315130904,40.1198496472707],[-74.0473937478169,40.1199009342934]]}},{"type":"Feature","id":55851,"properties":{"OBJECTID":55851,"PRIMENAME":"6th Avenue","ELEVTYP_F":0,"ELEVTYP_T":0},"geometry":{"type":"LineString","coordinates":[[-74.0397465300363,40.1351582154233],[-74.0395417958648,40.1359426368104],[-74.0395162981894,40.1360426284341],[-74.0394454348261,40.1361709084588]]}},{"type":"Feature","id":56662,"properties":{"OBJECTID":56662,"PRIMENAME":"Quackenbush Boulevard","ELEVTYP_F":0,"ELEVTYP_T":0},"geometry":{"type":"LineString","coordinates":[[-74.0460828039683,40.1355899664467],[-74.0459897678783,40.135558442572],[-74.0453206326326,40.1353318018624],[-74.0451099162718,40.1352689856626],[-74.0448744123185,40.1352060995862],[-74.0446635328645,40.1351623890478],[-74.0445782749366,40.1351447039116]]}},{"type":"Feature","id":58277,"properties":{"OBJECTID":58277,"PRIMENAME":"Parker Avenue","ELEVTYP_F":0,"ELEVTYP_T":0},"geometry":{"type":"LineString","coordinates":[[-74.047420166898,40.1248583029352],[-74.0472100025576,40.1250509154466],[-74.0462861772073,40.1259087184521]]}},{"type":"Feature","id":60566,"properties":{"OBJECTID":60566,"PRIMENAME":"New York Boulevard","ELEVTYP_F":0,"ELEVTYP_T":0},"geometry":{"type":"LineString","coordinates":[[-74.0299446393606,40.1336092637846],[-74.0309377146541,40.1337633479606],[-74.0317451635743,40.1338914990858]]}},{"type":"Feature","id":61162,"properties":{"OBJECTID":61162,"PRIMENAME":"7th Avenue","ELEVTYP_F":0,"ELEVTYP_T":0},"geometry":{"type":"LineString","coordinates":[[-74.0421995086254,40.1366015563308],[-74.0421993187005,40.1366029282223],[-74.0421837264024,40.1367148468118],[-74.042167608216,40.1369045923131],[-74.0421660539707,40.1371361790096],[-74.0421690291799,40.1374284815863],[-74.0421723411289,40.1376543501449]]}},{"type":"Feature","id":61788,"properties":{"OBJECTID":61788,"PRIMENAME":"4th Avenue","ELEVTYP_F":0,"ELEVTYP_T":0},"geometry":{"type":"LineString","coordinates":[[-74.0370096934721,40.131528819277],[-74.0367377497603,40.1325481568716]]}},{"type":"Feature","id":61963,"properties":{"OBJECTID":61963,"PRIMENAME":"Boston Boulevard","ELEVTYP_F":0,"ELEVTYP_T":0},"geometry":{"type":"LineString","coordinates":[[-74.0405602858994,40.1320868021577],[-74.0393331953334,40.1318906085599],[-74.0387892691792,40.1318060300868]]}},{"type":"Feature","id":63266,"properties":{"OBJECTID":63266,"PRIMENAME":"Sea Girt Avenue","ELEVTYP_F":0,"ELEVTYP_T":0},"geometry":{"type":"LineString","coordinates":[[-74.0449079322493,40.1308513468143],[-74.044710995283,40.1307995957844]]}},{"type":"Feature","id":64174,"properties":{"OBJECTID":64174,"PRIMENAME":"The Crescent","ELEVTYP_F":0,"ELEVTYP_T":0},"geometry":{"type":"LineString","coordinates":[[-74.0321751254351,40.1307658003697],[-74.0320354995975,40.1308749387322],[-74.0317923327565,40.1310312334189],[-74.0315555420081,40.1311494490204],[-74.0313189168846,40.1312485576828],[-74.0310887073107,40.1313143638072],[-74.0308771633246,40.1313754678549],[-74.0307216824393,40.1314129701989],[-74.0305970170916,40.1314839522896],[-74.0305944498808,40.1314866511428],[-74.0305191284251,40.1315658303207]]}},{"type":"Feature","id":64347,"properties":{"OBJECTID":64347,"PRIMENAME":"The Terrace","ELEVTYP_F":0,"ELEVTYP_T":0},"geometry":{"type":"LineString","coordinates":[[-74.0277493880492,40.1377634540682],[-74.0287338843774,40.1379144201876]]}},{"type":"Feature","id":64960,"properties":{"OBJECTID":64960,"PRIMENAME":"Rogers Avenue","ELEVTYP_F":0,"ELEVTYP_T":0},"geometry":{"type":"LineString","coordinates":[[-74.0390317933294,40.1173465899985],[-74.0389574402608,40.1172953692071],[-74.0383648993086,40.1168871432186]]}},{"type":"Feature","id":65631,"properties":{"OBJECTID":65631,"PRIMENAME":"5th Avenue","ELEVTYP_F":0,"ELEVTYP_T":0},"geometry":{"type":"LineString","coordinates":[[-74.0387892691792,40.1318060300868],[-74.0390605200455,40.1308048857689]]}},{"type":"Feature","id":65757,"properties":{"OBJECTID":65757,"PRIMENAME":"New York Boulevard","ELEVTYP_F":0,"ELEVTYP_T":0},"geometry":{"type":"LineString","coordinates":[[-74.0361894977264,40.1345937851844],[-74.0367249700185,40.1346779025069],[-74.0379846240539,40.1348781526991]]}},{"type":"Feature","id":66521,"properties":{"OBJECTID":66521,"PRIMENAME":"5th Avenue","ELEVTYP_F":0,"ELEVTYP_T":0},"geometry":{"type":"LineString","coordinates":[[-74.0390605200455,40.1308048857689],[-74.0391000235114,40.13065915818]]}},{"type":"Feature","id":66792,"properties":{"OBJECTID":66792,"PRIMENAME":"4th Avenue","ELEVTYP_F":0,"ELEVTYP_T":0},"geometry":{"type":"LineString","coordinates":[[-74.0353714729,40.1376544686031],[-74.0352485552086,40.1381083756375],[-74.0350254456126,40.1389558572047],[-74.0350106476431,40.139012103109]]}},{"type":"Feature","id":66915,"properties":{"OBJECTID":66915,"PRIMENAME":"1st Avenue","ELEVTYP_F":0,"ELEVTYP_T":0},"geometry":{"type":"LineString","coordinates":[[-74.0305191284251,40.1315658303207],[-74.03054942038,40.1313401416144],[-74.030588421797,40.1312071407095],[-74.0306204200773,40.1310661403461],[-74.0306574213448,40.1307931406045],[-74.030654423638,40.1307081407591],[-74.0306464220944,40.1306491414108],[-74.0306274230914,40.1305801404209],[-74.0305824210548,40.1305141413919],[-74.0305444205287,40.130476141488],[-74.0304684221237,40.1303791421908],[-74.0304034222631,40.130283142167],[-74.0303634213677,40.130193140268],[-74.0303614208075,40.1301191409097],[-74.0303564225963,40.1299951404931],[-74.0303664211201,40.1299141410334],[-74.0303864211382,40.1298381403981],[-74.0304324208272,40.1297251414733],[-74.0304774220884,40.1295401404423],[-74.0305194218763,40.129408140626],[-74.0305464197279,40.1293551402899],[-74.03058842099,40.1292921410127],[-74.0306514215411,40.1292191400571],[-74.0307244200593,40.1291451401891],[-74.0308734237246,40.1290241406119],[-74.0309004210963,40.1289991397774],[-74.0309264235864,40.1289751409719],[-74.0310094214682,40.1288761405799],[-74.0312194231622,40.1286011416602],[-74.0312234226451,40.1285431411301],[-74.0312174213875,40.128470140642],[-74.0312024225271,40.1284021403612],[-74.0311634202937,40.1282921403402],[-74.0311534218932,40.1282491407924],[-74.0311424212199,40.1281631411864],[-74.0311414220568,40.1280831410016],[-74.0311624214112,40.1279511396571],[-74.0312784216476,40.1275651405566],[-74.031286421042,40.1274941404022],[-74.0312874217238,40.1273221397152],[-74.0312726581619,40.1271997498083]]}},{"type":"Feature","id":67181,"properties":{"OBJECTID":67181,"PRIMENAME":"2nd Avenue","ELEVTYP_F":0,"ELEVTYP_T":0},"geometry":{"type":"LineString","coordinates":[[-74.0309179877004,40.1369550242032],[-74.0310112565035,40.1366138059785],[-74.0310261935158,40.1365582195296],[-74.0311943511838,40.1359324802554]]}},{"type":"Feature","id":68157,"properties":{"OBJECTID":68157,"PRIMENAME":"4th Avenue","ELEVTYP_F":0,"ELEVTYP_T":0},"geometry":{"type":"LineString","coordinates":[[-74.0367377497603,40.1325481568716],[-74.0366439434169,40.1328998104805],[-74.0364639069569,40.1335666898292]]}},{"type":"Feature","id":68902,"properties":{"OBJECTID":68902,"PRIMENAME":"North Broad Street","ELEVTYP_F":0,"ELEVTYP_T":0},"geometry":{"type":"LineString","coordinates":[[-74.0475294883854,40.1290444544685],[-74.0474895280936,40.1291163072182],[-74.0470663864317,40.1298943437762],[-74.0465887983084,40.1307480455178],[-74.0463750278736,40.1311301498684],[-74.046339890852,40.1311971339683],[-74.046325836019,40.1312239283255]]}},{"type":"Feature","id":69071,"properties":{"OBJECTID":69071,"PRIMENAME":"Ocean Avenue","ELEVTYP_F":0,"ELEVTYP_T":0},"geometry":{"type":"LineString","coordinates":[[-74.0275350619595,40.1353566638694],[-74.0278112744428,40.1343363500605]]}},{"type":"Feature","id":69852,"properties":{"OBJECTID":69852,"PRIMENAME":"Robert Street","ELEVTYP_F":0,"ELEVTYP_T":0},"geometry":{"type":"LineString","coordinates":[[-74.0458858330368,40.1246296589908],[-74.0458846602448,40.1246309946127],[-74.04580476247,40.1247445559104],[-74.0457398182454,40.1248468100502],[-74.0456896782713,40.1249490961065],[-74.0456394116797,40.1250703780063],[-74.0455839825597,40.1252258188487],[-74.0455384229473,40.1253812704682],[-74.0455321328126,40.1254128166213]]}},{"type":"Feature","id":70430,"properties":{"OBJECTID":70430,"PRIMENAME":"York Avenue","ELEVTYP_F":0,"ELEVTYP_T":0},"geometry":{"type":"LineString","coordinates":[[-74.0279007628852,40.1405542176599],[-74.028009222725,40.1405742063983],[-74.0297520610985,40.1408958792734],[-74.0298336564876,40.1409109529663]]}},{"type":"Feature","id":72143,"properties":{"OBJECTID":72143,"PRIMENAME":"Stockton Lake Boulevard","ELEVTYP_F":0,"ELEVTYP_T":0},"geometry":{"type":"LineString","coordinates":[[-74.042406623072,40.1228928468646],[-74.0424518910216,40.1229523512021],[-74.0426732246706,40.123282056877],[-74.0427021855034,40.1233309298706],[-74.0427468467304,40.1234062981779],[-74.0428947757002,40.123568936255],[-74.0430797717236,40.1237555507351],[-74.0431497749884,40.1238169375382]]}},{"type":"Feature","id":72320,"properties":{"OBJECTID":72320,"PRIMENAME":"1st Avenue","ELEVTYP_F":0,"ELEVTYP_T":0},"geometry":{"type":"LineString","coordinates":[[-74.0291254942863,40.1366742642189],[-74.0289416349639,40.1372818723965],[-74.0287338843774,40.1379144201876]]}},{"type":"Feature","id":72748,"properties":{"OBJECTID":72748,"PRIMENAME":"Fletcher Avenue","ELEVTYP_F":0,"ELEVTYP_T":0},"geometry":{"type":"LineString","coordinates":[[-74.0405498117476,40.1179344881382],[-74.0420072831229,40.1188898322935],[-74.0420774555291,40.1189357916928]]}},{"type":"Feature","id":72963,"properties":{"OBJECTID":72963,"PRIMENAME":"Beacon Boulevard","ELEVTYP_F":0,"ELEVTYP_T":0},"geometry":{"type":"LineString","coordinates":[[-74.0353714729,40.1376544686031],[-74.0333970183596,40.1373431210961],[-74.0332356600548,40.1373178452419]]}},{"type":"Feature","id":73665,"properties":{"OBJECTID":73665,"PRIMENAME":"2nd Avenue","ELEVTYP_F":0,"ELEVTYP_T":0},"geometry":{"type":"LineString","coordinates":[[-74.0306257719215,40.1380239819156],[-74.030648154782,40.1379420708102],[-74.03076515065,40.1375141042025]]}},{"type":"Feature","id":73919,"properties":{"OBJECTID":73919,"PRIMENAME":"3rd Avenue","ELEVTYP_F":0,"ELEVTYP_T":0},"geometry":{"type":"LineString","coordinates":[[-74.0340578129616,40.1342578798163],[-74.0342808507999,40.1334098506174],[-74.0343281338607,40.1332316791529]]}},{"type":"Feature","id":75479,"properties":{"OBJECTID":75479,"PRIMENAME":"Philadelphia Boulevard","ELEVTYP_F":0,"ELEVTYP_T":0},"geometry":{"type":"LineString","coordinates":[[-74.028967492969,40.1313246428771],[-74.0305191284251,40.1315658303207]]}},{"type":"Feature","id":76594,"properties":{"OBJECTID":76594,"PRIMENAME":"Ocean Avenue","ELEVTYP_F":0,"ELEVTYP_T":0},"geometry":{"type":"LineString","coordinates":[[-74.0264310338728,40.1392327104024],[-74.0263762789093,40.1392492517889],[-74.0263378925986,40.1393169855808],[-74.0262475547752,40.1395977615804],[-74.0260655823433,40.1402172597633]]}},{"type":"Feature","id":77999,"properties":{"OBJECTID":77999,"PRIMENAME":"Sea Girt Avenue","ELEVTYP_F":0,"ELEVTYP_T":0},"geometry":{"type":"LineString","coordinates":[[-74.0311085684518,40.1233595707148],[-74.0312632901617,40.1233832626893]]}},{"type":"Feature","id":78059,"properties":{"OBJECTID":78059,"PRIMENAME":"East Main Street","ELEVTYP_F":0,"ELEVTYP_T":0},"geometry":{"type":"LineString","coordinates":[[-74.0400965687357,40.1163904628741],[-74.0404650246387,40.1166335661996],[-74.0413480978502,40.1172085011539]]}},{"type":"Feature","id":78175,"properties":{"OBJECTID":78175,"PRIMENAME":"Blakey Avenue","ELEVTYP_F":0,"ELEVTYP_T":0},"geometry":{"type":"LineString","coordinates":[[-74.0461732483522,40.1286014380941],[-74.0474406282454,40.1290154186322],[-74.0475294883854,40.1290444544685]]}},{"type":"Feature","id":78643,"properties":{"OBJECTID":78643,"PRIMENAME":"Cresent Parkway","ELEVTYP_F":0,"ELEVTYP_T":0},"geometry":{"type":"LineString","coordinates":[[-74.0390605200455,40.1308048857689],[-74.0386020934675,40.13073429026],[-74.0372786506069,40.1305268197097]]}},{"type":"Feature","id":80479,"properties":{"OBJECTID":80479,"PRIMENAME":"Minerva Avenue","ELEVTYP_F":0,"ELEVTYP_T":0},"geometry":{"type":"LineString","coordinates":[[-74.0455733745758,40.1199653484674],[-74.0454948645523,40.1200379284529],[-74.0447805230617,40.1206986064173]]}},{"type":"Feature","id":81594,"properties":{"OBJECTID":81594,"PRIMENAME":"Colby Avenue","ELEVTYP_F":0,"ELEVTYP_T":0},"geometry":{"type":"LineString","coordinates":[[-74.0441879507156,40.1245319224433],[-74.0442733550513,40.1244561037524],[-74.0460366648303,40.122891566064],[-74.0460595824667,40.1228712310336],[-74.0462407437367,40.1227051095689],[-74.0463781661123,40.1225769758785],[-74.0466531725908,40.1223016014727]]}},{"type":"Feature","id":83813,"properties":{"OBJECTID":83813,"PRIMENAME":"Chicago Boulevard","ELEVTYP_F":0,"ELEVTYP_T":0},"geometry":{"type":"LineString","coordinates":[[-74.0311943511838,40.1359324802554],[-74.0320520161356,40.1360698915894],[-74.0335145049633,40.1362989292179]]}},{"type":"Feature","id":84187,"properties":{"OBJECTID":84187,"PRIMENAME":"5th Avenue","ELEVTYP_F":0,"ELEVTYP_T":0},"geometry":{"type":"LineString","coordinates":[[-74.037157109073,40.1379359836007],[-74.0373727517323,40.1371302794397],[-74.0374328997801,40.1369110059644]]}},{"type":"Feature","id":84195,"properties":{"OBJECTID":84195,"PRIMENAME":"Seaside Place","ELEVTYP_F":0,"ELEVTYP_T":0},"geometry":{"type":"LineString","coordinates":[[-74.0320267482299,40.1243805269906],[-74.0310411838645,40.1242272039923]]}},{"type":"Feature","id":84819,"properties":{"OBJECTID":84819,"PRIMENAME":"Washington Boulevard","ELEVTYP_F":0,"ELEVTYP_T":0},"geometry":{"type":"LineString","coordinates":[[-74.0333108404762,40.1287067192533],[-74.033230024668,40.1287206964325],[-74.0331641502311,40.1287372728164],[-74.0331553994893,40.1287394748428],[-74.0331114559611,40.1288060087245],[-74.0331012146833,40.1288391306557]]}},{"type":"Feature","id":84963,"properties":{"OBJECTID":84963,"PRIMENAME":"8th Avenue","ELEVTYP_F":0,"ELEVTYP_T":0},"geometry":{"type":"LineString","coordinates":[[-74.0428112021995,40.1381457679319],[-74.0428634256025,40.1381651424464],[-74.043732426718,40.1384301425306],[-74.0439704281132,40.138474142601]]}},{"type":"Feature","id":85064,"properties":{"OBJECTID":85064,"PRIMENAME":"Sea Girt Avenue","ELEVTYP_F":0,"ELEVTYP_T":0},"geometry":{"type":"LineString","coordinates":[[-74.0432452719828,40.1303925411544],[-74.0431474025316,40.1303521295761],[-74.0430142824133,40.1303017064131]]}},{"type":"Feature","id":85750,"properties":{"OBJECTID":85750,"PRIMENAME":"4th Avenue","ELEVTYP_F":0,"ELEVTYP_T":0},"geometry":{"type":"LineString","coordinates":[[-74.0381517732694,40.1272786420169],[-74.0380392368232,40.1276626443687],[-74.0378678643806,40.1283007355798]]}},{"type":"Feature","id":86410,"properties":{"OBJECTID":86410,"PRIMENAME":"West Chicago Boulevard","ELEVTYP_F":0,"ELEVTYP_T":0},"geometry":{"type":"LineString","coordinates":[[-74.0456167682653,40.1381840820058],[-74.0446661830979,40.1380342744732]]}},{"type":"Feature","id":86887,"properties":{"OBJECTID":86887,"PRIMENAME":"Beacon Boulevard","ELEVTYP_F":0,"ELEVTYP_T":0},"geometry":{"type":"LineString","coordinates":[[-74.042189634222,40.1387232418214],[-74.042056781596,40.138702675423],[-74.040603272972,40.1384773227568]]}},{"type":"Feature","id":87640,"properties":{"OBJECTID":87640,"PRIMENAME":"Boston Boulevard","ELEVTYP_F":0,"ELEVTYP_T":0},"geometry":{"type":"LineString","coordinates":[[-74.0410610780915,40.1321668366689],[-74.0405602858994,40.1320868021577]]}},{"type":"Feature","id":88511,"properties":{"OBJECTID":88511,"PRIMENAME":"4th Avenue","ELEVTYP_F":0,"ELEVTYP_T":0},"geometry":{"type":"LineString","coordinates":[[-74.0356481602244,40.1366329033922],[-74.0353714729,40.1376544686031]]}},{"type":"Feature","id":90185,"properties":{"OBJECTID":90185,"PRIMENAME":"Philadelphia Boulevard","ELEVTYP_F":0,"ELEVTYP_T":0},"geometry":{"type":"LineString","coordinates":[[-74.045192851393,40.1338701190516],[-74.0450823376531,40.1338531303996],[-74.0430477641635,40.1335400908408],[-74.0429248174329,40.1335212127748]]}},{"type":"Feature","id":91399,"properties":{"OBJECTID":91399,"PRIMENAME":"4th Avenue","ELEVTYP_F":0,"ELEVTYP_T":0},"geometry":{"type":"LineString","coordinates":[[-74.0371482543828,40.1310121279697],[-74.0370452922955,40.1313953207114],[-74.0370096934721,40.131528819277]]}},{"type":"Feature","id":91480,"properties":{"OBJECTID":91480,"PRIMENAME":"Cowart Avenue","ELEVTYP_F":0,"ELEVTYP_T":0},"geometry":{"type":"LineString","coordinates":[[-74.0404488430072,40.1204129824042],[-74.0405253992741,40.1204615755504],[-74.0414774504087,40.1210658822308],[-74.0415511166725,40.1211136949687]]}},{"type":"Feature","id":91845,"properties":{"OBJECTID":91845,"PRIMENAME":"Sea Girt Avenue","ELEVTYP_F":0,"ELEVTYP_T":0},"geometry":{"type":"LineString","coordinates":[[-74.044710995283,40.1307995957844],[-74.043797939769,40.1305596565974],[-74.0436472920117,40.1305177990807]]}},{"type":"Feature","id":95127,"properties":{"OBJECTID":95127,"PRIMENAME":"The Crescent","ELEVTYP_F":0,"ELEVTYP_T":0},"geometry":{"type":"LineString","coordinates":[[-74.030546957646,40.1270426346968],[-74.0302453882031,40.1269926280511]]}},{"type":"Feature","id":95351,"properties":{"OBJECTID":95351,"PRIMENAME":"3rd Avenue","ELEVTYP_F":0,"ELEVTYP_T":0},"geometry":{"type":"LineString","coordinates":[[-74.0343281338607,40.1332316791529],[-74.0345984364218,40.1322122858637]]}},{"type":"Feature","id":96401,"properties":{"OBJECTID":96401,"PRIMENAME":"3rd Avenue","ELEVTYP_F":0,"ELEVTYP_T":0},"geometry":{"type":"LineString","coordinates":[[-74.0337903762214,40.1352743179436],[-74.0340578129616,40.1342578798163]]}},{"type":"Feature","id":97445,"properties":{"OBJECTID":97445,"PRIMENAME":"New York Boulevard","ELEVTYP_F":0,"ELEVTYP_T":0},"geometry":{"type":"LineString","coordinates":[[-74.0441768310323,40.1358281290023],[-74.0440570844332,40.1358222769177],[-74.0426199633661,40.1355987812038],[-74.0424333435596,40.1355697571046]]}},{"type":"Feature","id":99145,"properties":{"OBJECTID":99145,"PRIMENAME":"3rd Avenue","ELEVTYP_F":0,"ELEVTYP_T":0},"geometry":{"type":"LineString","coordinates":[[-74.0330867437192,40.1378679192549],[-74.0332356600548,40.1373178452419]]}},{"type":"Feature","id":100040,"properties":{"OBJECTID":100040,"PRIMENAME":"Unnamed Segment","ELEVTYP_F":0,"ELEVTYP_T":0},"geometry":{"type":"LineString","coordinates":[[-74.0431266639949,40.1270645649044],[-74.0429318202072,40.1272513250927],[-74.0427313027132,40.1274317127118]]}},{"type":"Feature","id":101053,"properties":{"OBJECTID":101053,"PRIMENAME":"McLean Avenue","ELEVTYP_F":0,"ELEVTYP_T":0},"geometry":{"type":"LineString","coordinates":[[-74.0412716964686,40.1196703193985],[-74.0398602014705,40.1187526497656],[-74.0397359935047,40.1186703459533]]}},{"type":"Feature","id":102747,"properties":{"OBJECTID":102747,"PRIMENAME":"Boston Boulevard","ELEVTYP_F":0,"ELEVTYP_T":0},"geometry":{"type":"LineString","coordinates":[[-74.0325600099445,40.1308261043785],[-74.0322993825478,40.1307852724755],[-74.0321751254351,40.1307658003697]]}},{"type":"Feature","id":102851,"properties":{"OBJECTID":102851,"PRIMENAME":"Boston Boulevard","ELEVTYP_F":0,"ELEVTYP_T":0},"geometry":{"type":"LineString","coordinates":[[-74.0414731246843,40.1322326813553],[-74.0410610780915,40.1321668366689]]}},{"type":"Feature","id":103140,"properties":{"OBJECTID":103140,"PRIMENAME":"5th Avenue","ELEVTYP_F":0,"ELEVTYP_T":0},"geometry":{"type":"LineString","coordinates":[[-74.0391000235114,40.13065915818],[-74.039162966794,40.1304266897278],[-74.0393711037441,40.129655321897]]}},{"type":"Feature","id":103700,"properties":{"OBJECTID":103700,"PRIMENAME":"Dewey Avenue","ELEVTYP_F":0,"ELEVTYP_T":0},"geometry":{"type":"LineString","coordinates":[[-74.0459987060011,40.1189910910296],[-74.0452864514153,40.1196415126127],[-74.0451994205334,40.1197209492001]]}},{"type":"Feature","id":104500,"properties":{"OBJECTID":104500,"PRIMENAME":"Unnamed Segment","ELEVTYP_F":0,"ELEVTYP_T":0},"geometry":{"type":"LineString","coordinates":[[-74.0433826252932,40.127784247456],[-74.0432692735325,40.1277499941563]]}},{"type":"Feature","id":105054,"properties":{"OBJECTID":105054,"PRIMENAME":"Camp Drive","ELEVTYP_F":0,"ELEVTYP_T":0},"geometry":{"type":"LineString","coordinates":[[-74.0440467124268,40.126070351953],[-74.0439938737985,40.1262174285254],[-74.0439859335624,40.1262382067002],[-74.0439704866496,40.1262705399335],[-74.0439509794034,40.1263105175064],[-74.0439113823483,40.1263972227867],[-74.0438718406889,40.1264865087342],[-74.0438308201621,40.1265828718325],[-74.0437802043699,40.1266967388668],[-74.0437048747914,40.1268591833517],[-74.0436375790545,40.1270073565557],[-74.0435582136381,40.1271743695206],[-74.0435211672549,40.1272483183908],[-74.0435037963242,40.1272812474311]]}},{"type":"Feature","id":105286,"properties":{"OBJECTID":105286,"PRIMENAME":"Stockton Boulevard","ELEVTYP_F":0,"ELEVTYP_T":0},"geometry":{"type":"LineString","coordinates":[[-74.0360061610165,40.1269403553135],[-74.0337996248662,40.1265923408538],[-74.0336909851296,40.126575403819]]}},{"type":"Feature","id":105798,"properties":{"OBJECTID":105798,"PRIMENAME":"Brooklyn Boulevard","ELEVTYP_F":0,"ELEVTYP_T":0},"geometry":{"type":"LineString","coordinates":[[-74.0398688945486,40.1362394396356],[-74.0411447481904,40.1364405430509]]}},{"type":"Feature","id":108411,"properties":{"OBJECTID":108411,"PRIMENAME":"Washington Boulevard","ELEVTYP_F":0,"ELEVTYP_T":0},"geometry":{"type":"LineString","coordinates":[[-74.0421760741954,40.1300997623418],[-74.0419254611498,40.1300590736447],[-74.0413679198859,40.1299685512331],[-74.0393711037441,40.129655321897]]}},{"type":"Feature","id":109125,"properties":{"OBJECTID":109125,"PRIMENAME":"Sea Girt Avenue","ELEVTYP_F":0,"ELEVTYP_T":0},"geometry":{"type":"LineString","coordinates":[[-74.0362476880592,40.1260377920997],[-74.0373439790277,40.1267256997965],[-74.0380931220454,40.1271948623383],[-74.0381634143309,40.1272388817532],[-74.0382521964738,40.1272944711941]]}},{"type":"Feature","id":109994,"properties":{"OBJECTID":109994,"PRIMENAME":"Boston Boulevard","ELEVTYP_F":0,"ELEVTYP_T":0},"geometry":{"type":"LineString","coordinates":[[-74.0370096934721,40.131528819277],[-74.0350161403737,40.1312108614869],[-74.0348701230277,40.1311879831751]]}},{"type":"Feature","id":110789,"properties":{"OBJECTID":110789,"PRIMENAME":"3rd Avenue","ELEVTYP_F":0,"ELEVTYP_T":0},"geometry":{"type":"LineString","coordinates":[[-74.0360061610165,40.1269403553135],[-74.036217854557,40.1261492684569],[-74.0362476880592,40.1260377920997]]}},{"type":"Feature","id":111358,"properties":{"OBJECTID":111358,"PRIMENAME":"Brooklyn Boulevard","ELEVTYP_F":0,"ELEVTYP_T":0},"geometry":{"type":"LineString","coordinates":[[-74.0450737525519,40.1373128775739],[-74.0449909223801,40.1372846048342],[-74.0436774219869,40.1368362090492],[-74.0435969486685,40.1368087417042]]}},{"type":"Feature","id":111417,"properties":{"OBJECTID":111417,"PRIMENAME":"Cowart Avenue","ELEVTYP_F":0,"ELEVTYP_T":0},"geometry":{"type":"LineString","coordinates":[[-74.0415511166725,40.1211136949687],[-74.0427119935114,40.1218670339274],[-74.0431031234837,40.1221208463163],[-74.0431871900109,40.1221753974409]]}},{"type":"Feature","id":111993,"properties":{"OBJECTID":111993,"PRIMENAME":"Gregory Place","ELEVTYP_F":0,"ELEVTYP_T":0},"geometry":{"type":"LineString","coordinates":[[-74.0460623576322,40.1382543004012],[-74.0461278092161,40.1381422200636],[-74.0466994348222,40.1371626334661],[-74.0470144579516,40.1366218633506],[-74.0472396133196,40.1362353560374],[-74.0474091827699,40.1359452645307],[-74.0475913553871,40.1356314214156],[-74.0478903915622,40.1351105724803]]}},{"type":"Feature","id":112360,"properties":{"OBJECTID":112360,"PRIMENAME":"Wyckoff Avenue","ELEVTYP_F":0,"ELEVTYP_T":0},"geometry":{"type":"LineString","coordinates":[[-74.0458432071622,40.1213855339039],[-74.0458772414507,40.1213548656882],[-74.0465518403179,40.1207331458485],[-74.0466070593411,40.120640762454]]}},{"type":"Feature","id":115312,"properties":{"OBJECTID":115312,"PRIMENAME":"2nd Avenue","ELEVTYP_F":0,"ELEVTYP_T":0},"geometry":{"type":"LineString","coordinates":[[-74.0341770158902,40.1247399065169],[-74.0341467680015,40.1248540989632],[-74.033954964289,40.1255785520495]]}},{"type":"Feature","id":116209,"properties":{"OBJECTID":116209,"PRIMENAME":"2nd Avenue","ELEVTYP_F":0,"ELEVTYP_T":0},"geometry":{"type":"LineString","coordinates":[[-74.0343012424749,40.115500778652],[-74.0342565106926,40.1156894476277],[-74.0341353993972,40.1161560459868],[-74.0339694068873,40.1168274004714],[-74.0338311443359,40.1173648125447]]}},{"type":"Feature","id":116676,"properties":{"OBJECTID":116676,"PRIMENAME":"Bell Place","ELEVTYP_F":0,"ELEVTYP_T":0},"geometry":{"type":"LineString","coordinates":[[-74.0411447481904,40.1364405430509],[-74.0411016552143,40.1365985837299],[-74.0410449611997,40.1368065071016],[-74.040873241383,40.1374063582556],[-74.0408616284555,40.1374525425101]]}},{"type":"Feature","id":118451,"properties":{"OBJECTID":118451,"PRIMENAME":"McLean Avenue","ELEVTYP_F":0,"ELEVTYP_T":0},"geometry":{"type":"LineString","coordinates":[[-74.042355911285,40.120375867903],[-74.0418443877955,40.1200425973384],[-74.0412716964686,40.1196703193985]]}},{"type":"Feature","id":119349,"properties":{"OBJECTID":119349,"PRIMENAME":"Trenton Boulevard","ELEVTYP_F":0,"ELEVTYP_T":0},"geometry":{"type":"LineString","coordinates":[[-74.0315159730763,40.1273171073551],[-74.031324122488,40.1272257906412],[-74.0312726581619,40.1271997498083]]}},{"type":"Feature","id":120454,"properties":{"OBJECTID":120454,"PRIMENAME":"Barbara Lynn Lane","ELEVTYP_F":0,"ELEVTYP_T":0},"geometry":{"type":"LineString","coordinates":[[-74.043910426136,40.1389781423241],[-74.044424427079,40.1391871417564],[-74.0441284271313,40.1396101430019]]}},{"type":"Feature","id":120980,"properties":{"OBJECTID":120980,"PRIMENAME":"Euclid Avenue","ELEVTYP_F":0,"ELEVTYP_T":0},"geometry":{"type":"LineString","coordinates":[[-74.0421466151584,40.1164883558221],[-74.0427454095393,40.1168787112752],[-74.0433528626684,40.1172747054343],[-74.0436789948877,40.1174859238604]]}},{"type":"Feature","id":121051,"properties":{"OBJECTID":121051,"PRIMENAME":"The Plaza","ELEVTYP_F":0,"ELEVTYP_T":0},"geometry":{"type":"LineString","coordinates":[[-74.0414591992005,40.131388366756],[-74.0414350149269,40.1314318929586],[-74.0411204115009,40.1320502043583],[-74.0410610780915,40.1321668366689]]}},{"type":"Feature","id":121345,"properties":{"OBJECTID":121345,"PRIMENAME":"Stockton Boulevard","ELEVTYP_F":0,"ELEVTYP_T":0},"geometry":{"type":"LineString","coordinates":[[-74.0382521964738,40.1272944711941],[-74.0381517732694,40.1272786420169]]}},{"type":"Feature","id":121461,"properties":{"OBJECTID":121461,"PRIMENAME":"Stockton Lake Boulevard","ELEVTYP_F":0,"ELEVTYP_T":0},"geometry":{"type":"LineString","coordinates":[[-74.0410550130324,40.1215397227133],[-74.0412988171121,40.1217753290585],[-74.0417305516059,40.1221964364136],[-74.0423718826905,40.122847192526],[-74.0423947428892,40.1228772333671],[-74.042406623072,40.1228928468646]]}},{"type":"Feature","id":123096,"properties":{"OBJECTID":123096,"PRIMENAME":"Parker Avenue","ELEVTYP_F":0,"ELEVTYP_T":0},"geometry":{"type":"LineString","coordinates":[[-74.0452784159724,40.1274669519058],[-74.0452772668828,40.1274719407939],[-74.0452217239955,40.1276387466963],[-74.0451765016315,40.127748682394],[-74.0451212453707,40.1278775218754],[-74.0450360795942,40.128040422137],[-74.0449476368764,40.1282011144847]]}},{"type":"Feature","id":124722,"properties":{"OBJECTID":124722,"PRIMENAME":"South McClellan Avenue","ELEVTYP_F":0,"ELEVTYP_T":0},"geometry":{"type":"LineString","coordinates":[[-74.0436789948877,40.1174859238604],[-74.0441864046008,40.1170253660367],[-74.0442488882871,40.1169696630546]]}},{"type":"Feature","id":125348,"properties":{"OBJECTID":125348,"PRIMENAME":"The Terrace","ELEVTYP_F":0,"ELEVTYP_T":0},"geometry":{"type":"LineString","coordinates":[[-74.0287338843774,40.1379144201876],[-74.0288349674702,40.1379299305603],[-74.0290768895771,40.1379690468378],[-74.0292257673249,40.1379887322401],[-74.029374779231,40.1379940872222],[-74.0295674471933,40.1379710406804],[-74.0298096315331,40.1379720242582],[-74.0299959109391,40.137972780446],[-74.0301573675695,40.137973435625],[-74.0303249135313,40.1379884181294],[-74.0305111661434,40.1380034762329],[-74.0306227744033,40.1380230087368],[-74.0306257719215,40.1380239819156]]}},{"type":"Feature","id":126091,"properties":{"OBJECTID":126091,"PRIMENAME":"Washington Boulevard","ELEVTYP_F":0,"ELEVTYP_T":0},"geometry":{"type":"LineString","coordinates":[[-74.0375821276422,40.1293748436166],[-74.0354444451021,40.1290391865695]]}},{"type":"Feature","id":126559,"properties":{"OBJECTID":126559,"PRIMENAME":"Beacon Boulevard","ELEVTYP_F":0,"ELEVTYP_T":0},"geometry":{"type":"LineString","coordinates":[[-74.0332356600548,40.1373178452419],[-74.0309179877004,40.1369550242032]]}},{"type":"Feature","id":127587,"properties":{"OBJECTID":127587,"PRIMENAME":"Baltimore Boulevard","ELEVTYP_F":0,"ELEVTYP_T":0},"geometry":{"type":"LineString","coordinates":[[-74.0364639069569,40.1335666898292],[-74.0343281338607,40.1332316791529]]}},{"type":"Feature","id":130524,"properties":{"OBJECTID":130524,"PRIMENAME":"Unnamed Segment","ELEVTYP_F":0,"ELEVTYP_T":0},"geometry":{"type":"LineString","coordinates":[[-74.0361014211458,40.1203431377609],[-74.0359484239066,40.1202201395747],[-74.035711421218,40.1201051376005],[-74.0352754221317,40.1198961382961],[-74.0350354226608,40.1197901396822],[-74.0346834219652,40.1196651382976],[-74.0339994202129,40.1194691377855]]}},{"type":"Feature","id":132054,"properties":{"OBJECTID":132054,"PRIMENAME":"Sea Girt Avenue","ELEVTYP_F":0,"ELEVTYP_T":0},"geometry":{"type":"LineString","coordinates":[[-74.0430142824133,40.1303017064131],[-74.0429058512833,40.1302606359842],[-74.0427758074643,40.1302076874594],[-74.0427455233301,40.130201936809]]}},{"type":"Feature","id":132531,"properties":{"OBJECTID":132531,"PRIMENAME":"Fletcher Avenue","ELEVTYP_F":0,"ELEVTYP_T":0},"geometry":{"type":"LineString","coordinates":[[-74.0420774555291,40.1189357916928],[-74.042728774021,40.1193622065936],[-74.0430766170986,40.1195899336886],[-74.0431647023603,40.119647273917]]}},{"type":"Feature","id":133090,"properties":{"OBJECTID":133090,"PRIMENAME":"Manasquan Turnpike","ELEVTYP_F":0,"ELEVTYP_T":0},"geometry":{"type":"LineString","coordinates":[[-74.045192851393,40.1338701190516],[-74.0450190703735,40.1342815319604],[-74.0449780536845,40.134371389703]]}},{"type":"Feature","id":133211,"properties":{"OBJECTID":133211,"PRIMENAME":"Bell Place","ELEVTYP_F":0,"ELEVTYP_T":0},"geometry":{"type":"LineString","coordinates":[[-74.0416939503249,40.1343934958049],[-74.0416244250146,40.134664070797],[-74.0414240669369,40.1354127972105]]}},{"type":"Feature","id":133670,"properties":{"OBJECTID":133670,"PRIMENAME":"Baltimore Boulevard","ELEVTYP_F":0,"ELEVTYP_T":0},"geometry":{"type":"LineString","coordinates":[[-74.0382535844127,40.1338490552706],[-74.0370858366496,40.1336641645993],[-74.0364639069569,40.1335666898292]]}},{"type":"Feature","id":134310,"properties":{"OBJECTID":134310,"PRIMENAME":"Unnamed Segment","ELEVTYP_F":0,"ELEVTYP_T":0},"geometry":{"type":"LineString","coordinates":[[-74.0371482543828,40.1310121279697],[-74.0371461419879,40.1310118223011],[-74.0370947610316,40.1310043970464],[-74.0369897144946,40.130989207684],[-74.0368134727042,40.1309614616679],[-74.036645768602,40.1309352870124],[-74.0364551555572,40.1309064669781],[-74.0362575261966,40.1308736104876],[-74.0360988487208,40.130845303238],[-74.0359178504797,40.1308175917479],[-74.0357586939011,40.1307921363822],[-74.0355776290694,40.1307632162755],[-74.0354009140334,40.1307367289725],[-74.0352064905737,40.1307058875737],[-74.0350996984756,40.1306897284612],[-74.0350761520039,40.1306864491133],[-74.0350073329572,40.1306768939596],[-74.0350061466003,40.130676729775]]}},{"type":"Feature","id":140725,"properties":{"OBJECTID":140725,"PRIMENAME":"Pine Avenue","ELEVTYP_F":0,"ELEVTYP_T":0},"geometry":{"type":"LineString","coordinates":[[-74.0471511493889,40.1179451417039],[-74.0459366880087,40.1171542149544]]}},{"type":"Feature","id":144523,"properties":{"OBJECTID":144523,"PRIMENAME":"New York Boulevard","ELEVTYP_F":0,"ELEVTYP_T":0},"geometry":{"type":"LineString","coordinates":[[-74.0280719483227,40.1333275305585],[-74.0282571602029,40.1333550859292],[-74.0294552309661,40.1335333183853],[-74.0299446393606,40.1336092637846]]}},{"type":"Feature","id":144824,"properties":{"OBJECTID":144824,"PRIMENAME":"3rd Avenue","ELEVTYP_F":0,"ELEVTYP_T":0},"geometry":{"type":"LineString","coordinates":[[-74.0348701230277,40.1311879831751],[-74.0349563534902,40.1308626833442],[-74.0350061466003,40.130676729775]]}},{"type":"Feature","id":145882,"properties":{"OBJECTID":145882,"PRIMENAME":"Philadelphia Boulevard","ELEVTYP_F":0,"ELEVTYP_T":0},"geometry":{"type":"LineString","coordinates":[[-74.0385187649069,40.1328277932257],[-74.0402942381761,40.1331092184963]]}},{"type":"Feature","id":146796,"properties":{"OBJECTID":146796,"PRIMENAME":"Unnamed Segment","ELEVTYP_F":0,"ELEVTYP_T":0},"geometry":{"type":"LineString","coordinates":[[-74.0427313027132,40.1274317127118],[-74.0424510299935,40.1275872097058],[-74.0422736032595,40.12779762292],[-74.0420578453355,40.1279825516155],[-74.0419901388122,40.1280807413762]]}},{"type":"Feature","id":146942,"properties":{"OBJECTID":146942,"PRIMENAME":"McLean Avenue","ELEVTYP_F":0,"ELEVTYP_T":0},"geometry":{"type":"LineString","coordinates":[[-74.0397359935047,40.1186703459533],[-74.0385869878013,40.117908730663],[-74.0384806187194,40.1178382190035]]}},{"type":"Feature","id":148233,"properties":{"OBJECTID":148233,"PRIMENAME":"Crescent Place","ELEVTYP_F":0,"ELEVTYP_T":0},"geometry":{"type":"LineString","coordinates":[[-74.0427478976248,40.1313571690645],[-74.0428635461228,40.131375579877],[-74.0434077128778,40.1314619793687]]}},{"type":"Feature","id":148954,"properties":{"OBJECTID":148954,"PRIMENAME":"Philadelphia Boulevard","ELEVTYP_F":0,"ELEVTYP_T":0},"geometry":{"type":"LineString","coordinates":[[-74.0402942381761,40.1331092184963],[-74.0410379942002,40.1332271417728]]}},{"type":"Feature","id":149354,"properties":{"OBJECTID":149354,"PRIMENAME":"Chicago Boulevard","ELEVTYP_F":0,"ELEVTYP_T":0},"geometry":{"type":"LineString","coordinates":[[-74.0408616284555,40.1374525425101],[-74.039377911276,40.1372240905401]]}},{"type":"Feature","id":150500,"properties":{"OBJECTID":150500,"PRIMENAME":"Baltimore Boulevard","ELEVTYP_F":0,"ELEVTYP_T":0},"geometry":{"type":"LineString","coordinates":[[-74.0400204390176,40.1341288039158],[-74.0399267225764,40.1341139639482],[-74.0382535844127,40.1338490552706]]}},{"type":"Feature","id":150501,"properties":{"OBJECTID":150501,"PRIMENAME":"Brooklyn Boulevard","ELEVTYP_F":0,"ELEVTYP_T":0},"geometry":{"type":"LineString","coordinates":[[-74.035919761134,40.1356110422351],[-74.0337903762214,40.1352743179436]]}},{"type":"Feature","id":151225,"properties":{"OBJECTID":151225,"PRIMENAME":"FR RT 71 SB to MANASQUAN TRPK","ELEVTYP_F":0,"ELEVTYP_T":0},"geometry":{"type":"LineString","coordinates":[[-74.0425004798187,40.1386810699419],[-74.0425005190577,40.1386809935388],[-74.0425199779977,40.1386422338359],[-74.0425391079031,40.138603292544],[-74.0425578428259,40.1385642383015]]}},{"type":"Feature","id":151482,"properties":{"OBJECTID":151482,"PRIMENAME":"3rd Avenue","ELEVTYP_F":0,"ELEVTYP_T":0},"geometry":{"type":"LineString","coordinates":[[-74.0354444451021,40.1290391865695],[-74.0355871976604,40.1285059924684],[-74.0357320405419,40.1279647895202]]}},{"type":"Feature","id":151698,"properties":{"OBJECTID":151698,"PRIMENAME":"Ocean Avenue","ELEVTYP_F":0,"ELEVTYP_T":0},"geometry":{"type":"LineString","coordinates":[[-74.0260655823433,40.1402172597633],[-74.0257881647723,40.1411617105488],[-74.0257648114457,40.1412329922286]]}},{"type":"Feature","id":151963,"properties":{"OBJECTID":151963,"PRIMENAME":"The Crescent","ELEVTYP_F":0,"ELEVTYP_T":0},"geometry":{"type":"LineString","coordinates":[[-74.0329565073913,40.1290995287233],[-74.0329390355037,40.1289576499265],[-74.0329090039725,40.1288097768484],[-74.0328727479063,40.1286571023198],[-74.0328626101938,40.1286332599277]]}},{"type":"Feature","id":152081,"properties":{"OBJECTID":152081,"PRIMENAME":"Ocean Avenue","ELEVTYP_F":0,"ELEVTYP_T":0},"geometry":{"type":"LineString","coordinates":[[-74.0271913269668,40.1367460246758],[-74.0272412780742,40.1365428299322],[-74.0272802874315,40.1363841464143]]}},{"type":"Feature","id":152728,"properties":{"OBJECTID":152728,"PRIMENAME":"Chicago Boulevard","ELEVTYP_F":0,"ELEVTYP_T":0},"geometry":{"type":"LineString","coordinates":[[-74.0356481602244,40.1366329033922],[-74.0366547633424,40.1367890247393],[-74.0374328997801,40.1369110059644]]}},{"type":"Feature","id":153097,"properties":{"OBJECTID":153097,"PRIMENAME":"The Crescent","ELEVTYP_F":0,"ELEVTYP_T":0},"geometry":{"type":"LineString","coordinates":[[-74.0312726581619,40.1271997498083],[-74.0311818144106,40.1271537272675],[-74.0309524073712,40.1271098897315],[-74.030546957646,40.1270426346968]]}},{"type":"Feature","id":154988,"properties":{"OBJECTID":154988,"PRIMENAME":"Washington Boulevard","ELEVTYP_F":0,"ELEVTYP_T":0},"geometry":{"type":"LineString","coordinates":[[-74.0354444451021,40.1290391865695],[-74.0350723592698,40.128980728681],[-74.0339045483289,40.1287951796968]]}},{"type":"Feature","id":156286,"properties":{"OBJECTID":156286,"PRIMENAME":"York Avenue","ELEVTYP_F":0,"ELEVTYP_T":0},"geometry":{"type":"LineString","coordinates":[[-74.0279007628852,40.1405542176599],[-74.026204408601,40.140242755146],[-74.0260655823433,40.1402172597633]]}},{"type":"Feature","id":159381,"properties":{"OBJECTID":159381,"PRIMENAME":"East Main Street","ELEVTYP_F":0,"ELEVTYP_T":0},"geometry":{"type":"LineString","coordinates":[[-74.0451994205334,40.1197209492001],[-74.0455733745758,40.1199653484674]]}},{"type":"Feature","id":159754,"properties":{"OBJECTID":159754,"PRIMENAME":"Unnamed Segment","ELEVTYP_F":0,"ELEVTYP_T":0},"geometry":{"type":"LineString","coordinates":[[-74.0399844246302,40.1250291388068],[-74.0407884240096,40.1242991398302],[-74.0410614238047,40.1241531399863]]}},{"type":"Feature","id":159995,"properties":{"OBJECTID":159995,"PRIMENAME":"Washington Boulevard","ELEVTYP_F":0,"ELEVTYP_T":0},"geometry":{"type":"LineString","coordinates":[[-74.0339045483289,40.1287951796968],[-74.0334411347098,40.1287215471139],[-74.0333108404762,40.1287067192533]]}},{"type":"Feature","id":160567,"properties":{"OBJECTID":160567,"PRIMENAME":"East Main Street","ELEVTYP_F":0,"ELEVTYP_T":0},"geometry":{"type":"LineString","coordinates":[[-74.0413480978502,40.1172085011539],[-74.0413489169,40.1172089979739],[-74.0420349839266,40.1176549687769],[-74.042737145304,40.1181125071152],[-74.0428835457467,40.1182079030325]]}},{"type":"Feature","id":161923,"properties":{"OBJECTID":161923,"PRIMENAME":"Curtis Place","ELEVTYP_F":0,"ELEVTYP_T":0},"geometry":{"type":"LineString","coordinates":[[-74.0464783767202,40.128048879467],[-74.0461732483522,40.1286014380941]]}},{"type":"Feature","id":162250,"properties":{"OBJECTID":162250,"PRIMENAME":"Manasquan Turnpike","ELEVTYP_F":0,"ELEVTYP_T":0},"geometry":{"type":"LineString","coordinates":[[-74.0441768310323,40.1358281290023],[-74.0439863437508,40.1361473425756],[-74.0437145873759,40.13660891118],[-74.0436317169041,40.1367496623598],[-74.0435969486685,40.1368087417042]]}},{"type":"Feature","id":162594,"properties":{"OBJECTID":162594,"PRIMENAME":"Philadelphia Boulevard","ELEVTYP_F":0,"ELEVTYP_T":0},"geometry":{"type":"LineString","coordinates":[[-74.032290174297,40.1318468667393],[-74.0330922379654,40.1319752344192],[-74.0345984364218,40.1322122858637]]}},{"type":"Feature","id":162631,"properties":{"OBJECTID":162631,"PRIMENAME":"Unnamed Segment","ELEVTYP_F":0,"ELEVTYP_T":0},"geometry":{"type":"LineString","coordinates":[[-74.0333124224109,40.1221271390281],[-74.0334349676797,40.1216375289794],[-74.0335254222502,40.1212761381814],[-74.0335694201931,40.1211191384511],[-74.0336554224153,40.1207611395837],[-74.033826421582,40.1200981393267],[-74.0339994202129,40.1194691377855]]}},{"type":"Feature","id":163234,"properties":{"OBJECTID":163234,"PRIMENAME":"Taylor Avenue","ELEVTYP_F":0,"ELEVTYP_T":0},"geometry":{"type":"LineString","coordinates":[[-74.048739505411,40.1220292343065],[-74.0485761302977,40.1221891431509],[-74.0482726615193,40.1224650974528],[-74.0479741764184,40.1227334659002],[-74.0477842440953,40.1228984029565],[-74.047730457328,40.122945110568],[-74.047088789037,40.1235120320609],[-74.0465416183496,40.1239995975452],[-74.046098799824,40.1244002677377],[-74.0459743516023,40.1245288365061],[-74.0458858330368,40.1246296589908]]}},{"type":"Feature","id":163327,"properties":{"OBJECTID":163327,"PRIMENAME":"The Terrace","ELEVTYP_F":0,"ELEVTYP_T":0},"geometry":{"type":"LineString","coordinates":[[-74.0306257719215,40.1380239819156],[-74.0307528540087,40.138066417443],[-74.0308332869383,40.1381096248755],[-74.0312177054071,40.1381969717668],[-74.0315897454455,40.1382795180101],[-74.0321353937186,40.1384008418857],[-74.0322965244715,40.1384491785507],[-74.0324329268729,40.1384783350734],[-74.0325570164944,40.1384931388827],[-74.0326997740252,40.1385032415667],[-74.0328364417043,40.1384990157543],[-74.0329132801566,40.1385085496023]]}},{"type":"Feature","id":163572,"properties":{"OBJECTID":163572,"PRIMENAME":"North Farragut Avenue","ELEVTYP_F":0,"ELEVTYP_T":0},"geometry":{"type":"LineString","coordinates":[[-74.042355911285,40.120375867903],[-74.042263737843,40.1204589054078],[-74.0415511166725,40.1211136949687]]}},{"type":"Feature","id":164575,"properties":{"OBJECTID":164575,"PRIMENAME":"New York Boulevard","ELEVTYP_F":0,"ELEVTYP_T":0},"geometry":{"type":"LineString","coordinates":[[-74.0414240669369,40.1354127972105],[-74.0404095797563,40.1352550116397]]}},{"type":"Feature","id":164681,"properties":{"OBJECTID":164681,"PRIMENAME":"6th Avenue","ELEVTYP_F":0,"ELEVTYP_T":0},"geometry":{"type":"LineString","coordinates":[[-74.0405602858994,40.1320868021577],[-74.0405295175207,40.1322051399251],[-74.0402942381761,40.1331092184963]]}},{"type":"Feature","id":164770,"properties":{"OBJECTID":164770,"PRIMENAME":"Philadelphia Boulevard","ELEVTYP_F":0,"ELEVTYP_T":0},"geometry":{"type":"LineString","coordinates":[[-74.0305191284251,40.1315658303207],[-74.0310453933339,40.1316476317208],[-74.032290174297,40.1318468667393]]}},{"type":"Feature","id":165456,"properties":{"OBJECTID":165456,"PRIMENAME":"2nd Avenue","ELEVTYP_F":0,"ELEVTYP_T":0},"geometry":{"type":"LineString","coordinates":[[-74.0317451635743,40.1338914990858],[-74.0319925093681,40.132976449977],[-74.0320201986039,40.1328712799875]]}},{"type":"Feature","id":165483,"properties":{"OBJECTID":165483,"PRIMENAME":"Stockton Lake Boulevard","ELEVTYP_F":0,"ELEVTYP_T":0},"geometry":{"type":"LineString","coordinates":[[-74.0400609248104,40.1207626759721],[-74.0401504923518,40.1208175249618],[-74.0404408738004,40.1210283915675],[-74.0407125944707,40.1212439588776],[-74.0409472526578,40.1214355230717],[-74.0410550130324,40.1215397227133]]}},{"type":"Feature","id":165946,"properties":{"OBJECTID":165946,"PRIMENAME":"Camp Drive","ELEVTYP_F":0,"ELEVTYP_T":0},"geometry":{"type":"LineString","coordinates":[[-74.0435037963242,40.1272812474311],[-74.0434643539183,40.1273583455408],[-74.0434230811423,40.127444192883],[-74.0433679668378,40.1275515363326],[-74.0433146488518,40.1276628966884],[-74.0432692735325,40.1277499941563]]}},{"type":"Feature","id":166142,"properties":{"OBJECTID":166142,"PRIMENAME":"Bell Place","ELEVTYP_F":0,"ELEVTYP_T":0},"geometry":{"type":"LineString","coordinates":[[-74.0414240669369,40.1354127972105],[-74.0413760036521,40.1355924230484],[-74.0411447481904,40.1364405430509]]}},{"type":"Feature","id":166636,"properties":{"OBJECTID":166636,"PRIMENAME":"1st Avenue","ELEVTYP_F":0,"ELEVTYP_T":0},"geometry":{"type":"LineString","coordinates":[[-74.0296712339539,40.1346267940423],[-74.029611361366,40.1348496052416],[-74.0293985771467,40.1356487461602]]}},{"type":"Feature","id":166846,"properties":{"OBJECTID":166846,"PRIMENAME":"Crescent Place","ELEVTYP_F":0,"ELEVTYP_T":0},"geometry":{"type":"LineString","coordinates":[[-74.0434077128778,40.1314619793687],[-74.0459400645504,40.1318642660423],[-74.0460343497877,40.13187924028]]}},{"type":"Feature","id":167558,"properties":{"OBJECTID":167558,"PRIMENAME":"Stockton Lake Boulevard","ELEVTYP_F":0,"ELEVTYP_T":0},"geometry":{"type":"LineString","coordinates":[[-74.0459029043992,40.1256566536314],[-74.0462197345339,40.125865000049],[-74.0462861772073,40.1259087184521]]}},{"type":"Feature","id":168152,"properties":{"OBJECTID":168152,"PRIMENAME":"Manasquan Turnpike","ELEVTYP_F":0,"ELEVTYP_T":0},"geometry":{"type":"LineString","coordinates":[[-74.0445782749366,40.1351447039116],[-74.0443272741816,40.1355759891037],[-74.0441825465789,40.1358185430013],[-74.0441768310323,40.1358281290023]]}},{"type":"Feature","id":168760,"properties":{"OBJECTID":168760,"PRIMENAME":"Stockton Lake Boulevard","ELEVTYP_F":0,"ELEVTYP_T":0},"geometry":{"type":"LineString","coordinates":[[-74.0431497749884,40.1238169375382],[-74.0432217345282,40.1238800334099],[-74.043598722412,40.1241436408833],[-74.0438583074841,40.124316244234],[-74.0441879507156,40.1245319224433]]}},{"type":"Feature","id":169326,"properties":{"OBJECTID":169326,"PRIMENAME":"Euclid Avenue","ELEVTYP_F":0,"ELEVTYP_T":0},"geometry":{"type":"LineString","coordinates":[[-74.0436789948877,40.1174859238604],[-74.0447799207036,40.1181989824546]]}},{"type":"Feature","id":169739,"properties":{"OBJECTID":169739,"PRIMENAME":"Bell Place","ELEVTYP_F":0,"ELEVTYP_T":0},"geometry":{"type":"LineString","coordinates":[[-74.0408616284555,40.1374525425101],[-74.0406307985235,40.1383681700195],[-74.040603272972,40.1384773227568]]}},{"type":"Feature","id":170541,"properties":{"OBJECTID":170541,"PRIMENAME":"Baltimore Boulevard","ELEVTYP_F":0,"ELEVTYP_T":0},"geometry":{"type":"LineString","coordinates":[[-74.0320201986039,40.1328712799875],[-74.0302234920449,40.1325887906347]]}},{"type":"Feature","id":170583,"properties":{"OBJECTID":170583,"PRIMENAME":"Cresent Parkway","ELEVTYP_F":0,"ELEVTYP_T":0},"geometry":{"type":"LineString","coordinates":[[-74.0414591992005,40.131388366756],[-74.041305138136,40.1313645856373],[-74.0407964354822,40.1312863329911],[-74.0407034971261,40.1312573866094],[-74.0406293847928,40.1311998802617],[-74.0405553687022,40.1311280992957],[-74.0404812200715,40.1310706206296],[-74.0404202490999,40.1310390636786],[-74.0404069796147,40.1310321937358],[-74.0403264526879,40.1310032683846],[-74.0399046680862,40.1309348554104],[-74.0390605200455,40.1308048857689]]}},{"type":"Feature","id":171296,"properties":{"OBJECTID":171296,"PRIMENAME":"2nd Avenue","ELEVTYP_F":0,"ELEVTYP_T":0},"geometry":{"type":"LineString","coordinates":[[-74.0338311443359,40.1173648125447],[-74.033752572143,40.1176701298849],[-74.0335356666614,40.1185224129591]]}},{"type":"Feature","id":171427,"properties":{"OBJECTID":171427,"PRIMENAME":"Blakey Avenue","ELEVTYP_F":0,"ELEVTYP_T":0},"geometry":{"type":"LineString","coordinates":[[-74.0449476368764,40.1282011144847],[-74.0450924514352,40.1282483803404],[-74.0461732483522,40.1286014380941]]}},{"type":"Feature","id":171476,"properties":{"OBJECTID":171476,"PRIMENAME":"Terrace Place","ELEVTYP_F":0,"ELEVTYP_T":0},"geometry":{"type":"LineString","coordinates":[[-74.0450737525519,40.1373128775739],[-74.0451530415502,40.1371803984977],[-74.0454820286703,40.1366158589225],[-74.0456241322468,40.1363720033541],[-74.0456647592384,40.136303009132]]}},{"type":"Feature","id":171683,"properties":{"OBJECTID":171683,"PRIMENAME":"Minerva Avenue","ELEVTYP_F":0,"ELEVTYP_T":0},"geometry":{"type":"LineString","coordinates":[[-74.0447805230617,40.1206986064173],[-74.044058036445,40.1213667703446],[-74.0439832985482,40.1214362063265]]}},{"type":"Feature","id":172810,"properties":{"OBJECTID":172810,"PRIMENAME":"5th Avenue","ELEVTYP_F":0,"ELEVTYP_T":0},"geometry":{"type":"LineString","coordinates":[[-74.0393711037441,40.129655321897],[-74.039475063122,40.1292698026419],[-74.0396605901604,40.1285833652868]]}},{"type":"Feature","id":173151,"properties":{"OBJECTID":173151,"PRIMENAME":"South McClellan Avenue","ELEVTYP_F":0,"ELEVTYP_T":0},"geometry":{"type":"LineString","coordinates":[[-74.0428835457467,40.1182079030325],[-74.0436789948877,40.1174859238604]]}},{"type":"Feature","id":173230,"properties":{"OBJECTID":173230,"PRIMENAME":"Trenton Boulevard","ELEVTYP_F":0,"ELEVTYP_T":0},"geometry":{"type":"LineString","coordinates":[[-74.0396605901604,40.1285833652868],[-74.0378678643806,40.1283007355798]]}},{"type":"Feature","id":173625,"properties":{"OBJECTID":173625,"PRIMENAME":"2nd Avenue","ELEVTYP_F":0,"ELEVTYP_T":0},"geometry":{"type":"LineString","coordinates":[[-74.0325600099445,40.1308261043785],[-74.0326745172853,40.1304102700651],[-74.0327201761233,40.1302444274915],[-74.0327830818293,40.1300159352945]]}},{"type":"Feature","id":174529,"properties":{"OBJECTID":174529,"PRIMENAME":"South Jackson Avenue","ELEVTYP_F":0,"ELEVTYP_T":0},"geometry":{"type":"LineString","coordinates":[[-74.0413480978502,40.1172085011539],[-74.0420788702276,40.1165499399737],[-74.0421466151584,40.1164883558221]]}},{"type":"Feature","id":175094,"properties":{"OBJECTID":175094,"PRIMENAME":"Fletcher Avenue","ELEVTYP_F":0,"ELEVTYP_T":0},"geometry":{"type":"LineString","coordinates":[[-74.0447805230617,40.1206986064173],[-74.0452092262873,40.1209757268794],[-74.0457284819637,40.1213113726934],[-74.0458432071622,40.1213855339039]]}},{"type":"Feature","id":175239,"properties":{"OBJECTID":175239,"PRIMENAME":"7th Avenue","ELEVTYP_F":0,"ELEVTYP_T":0},"geometry":{"type":"LineString","coordinates":[[-74.0421986588021,40.1393824481562],[-74.0421991302573,40.1395734399521],[-74.0422147074812,40.1401998674043],[-74.0422194984978,40.1407096857182]]}},{"type":"Feature","id":175893,"properties":{"OBJECTID":175893,"PRIMENAME":"2nd Avenue","ELEVTYP_F":0,"ELEVTYP_T":0},"geometry":{"type":"LineString","coordinates":[[-74.0328598362536,40.1298325574734],[-74.0328435087522,40.1298745355771],[-74.0328054107787,40.1299724844735],[-74.0327830818293,40.1300159352945]]}},{"type":"Feature","id":175970,"properties":{"OBJECTID":175970,"PRIMENAME":"1st Avenue","ELEVTYP_F":0,"ELEVTYP_T":0},"geometry":{"type":"LineString","coordinates":[[-74.0305191284251,40.1315658303207],[-74.0305157055786,40.1315694128776],[-74.0304653395191,40.1316693026464],[-74.0302548988269,40.1324739177612],[-74.0302234920449,40.1325887906347]]}},{"type":"Feature","id":176868,"properties":{"OBJECTID":176868,"PRIMENAME":"Terrace Place","ELEVTYP_F":0,"ELEVTYP_T":0},"geometry":{"type":"LineString","coordinates":[[-74.0460828039683,40.1355899664467],[-74.0465098834584,40.1348455524707],[-74.0465655447566,40.1347690663475]]}},{"type":"Feature","id":177142,"properties":{"OBJECTID":177142,"PRIMENAME":"Stockton Boulevard","ELEVTYP_F":0,"ELEVTYP_T":0},"geometry":{"type":"LineString","coordinates":[[-74.0381517732694,40.1272786420169],[-74.0377070291179,40.1272085370607],[-74.0360061610165,40.1269403553135]]}},{"type":"Feature","id":177243,"properties":{"OBJECTID":177243,"PRIMENAME":"Sea Girt Avenue","ELEVTYP_F":0,"ELEVTYP_T":0},"geometry":{"type":"LineString","coordinates":[[-74.0312632901617,40.1233832626893],[-74.0321318766945,40.1235162655786],[-74.0322524120252,40.1235343500565]]}},{"type":"Feature","id":177669,"properties":{"OBJECTID":177669,"PRIMENAME":"East Main Street","ELEVTYP_F":0,"ELEVTYP_T":0},"geometry":{"type":"LineString","coordinates":[[-74.0428835457467,40.1182079030325],[-74.0439264117476,40.1188873304144],[-74.0439737645974,40.11891834648]]}},{"type":"Feature","id":178797,"properties":{"OBJECTID":178797,"PRIMENAME":"Barbara Lynn Lane","ELEVTYP_F":0,"ELEVTYP_T":0},"geometry":{"type":"LineString","coordinates":[[-74.0439704281132,40.138474142601],[-74.0439374262153,40.138570142604],[-74.0438964265205,40.1387221426252],[-74.0438874257602,40.138812142212],[-74.043910426136,40.1389781423241]]}},{"type":"Feature","id":179711,"properties":{"OBJECTID":179711,"PRIMENAME":"7th Avenue","ELEVTYP_F":0,"ELEVTYP_T":0},"geometry":{"type":"LineString","coordinates":[[-74.0422194984978,40.1407096857182],[-74.0422204872539,40.1408148615131],[-74.0422193207708,40.1408421331941],[-74.042211197595,40.1410318128965]]}},{"type":"Feature","id":180007,"properties":{"OBJECTID":180007,"PRIMENAME":"6th Avenue","ELEVTYP_F":0,"ELEVTYP_T":0},"geometry":{"type":"LineString","coordinates":[[-74.0384141452943,40.1381358889963],[-74.0382201544723,40.1385396891503],[-74.038062692651,40.1388678916896],[-74.0379177703901,40.1391771188941],[-74.0378108251563,40.1393768789046]]}},{"type":"Feature","id":180059,"properties":{"OBJECTID":180059,"PRIMENAME":"Homestead Road","ELEVTYP_F":0,"ELEVTYP_T":0},"geometry":{"type":"LineString","coordinates":[[-74.0449780536845,40.134371389703],[-74.0450598598041,40.1343918612132],[-74.0464547132987,40.1347404661389],[-74.0465655447566,40.1347690663475]]}},{"type":"Feature","id":180501,"properties":{"OBJECTID":180501,"PRIMENAME":"Brooklyn Boulevard","ELEVTYP_F":0,"ELEVTYP_T":0},"geometry":{"type":"LineString","coordinates":[[-74.0314704350081,40.1349077375548],[-74.0296712339539,40.1346267940423]]}},{"type":"Feature","id":180601,"properties":{"OBJECTID":180601,"PRIMENAME":"8th Avenue","ELEVTYP_F":0,"ELEVTYP_T":0},"geometry":{"type":"LineString","coordinates":[[-74.0425578428259,40.1385642383015],[-74.042517981085,40.1386082215377],[-74.0424637644564,40.1386494333846],[-74.0423825785222,40.1386905116144],[-74.0422700214553,40.1387211160369],[-74.042189634222,40.1387232418214]]}},{"type":"Feature","id":182243,"properties":{"OBJECTID":182243,"PRIMENAME":"Bell Place","ELEVTYP_F":0,"ELEVTYP_T":0},"geometry":{"type":"LineString","coordinates":[[-74.0422449894775,40.1323501038157],[-74.0422106194268,40.1324405903346],[-74.0419589188966,40.1333779317947]]}},{"type":"Feature","id":182483,"properties":{"OBJECTID":182483,"PRIMENAME":"North Jackson Avenue","ELEVTYP_F":0,"ELEVTYP_T":0},"geometry":{"type":"LineString","coordinates":[[-74.0397359935047,40.1186703459533],[-74.0404861280902,40.1179925459487],[-74.0405498117476,40.1179344881382]]}},{"type":"Feature","id":182825,"properties":{"OBJECTID":182825,"PRIMENAME":"Terrace Place","ELEVTYP_F":0,"ELEVTYP_T":0},"geometry":{"type":"LineString","coordinates":[[-74.0456647592384,40.136303009132],[-74.0460324313907,40.1356777559279],[-74.0460828039683,40.1355899664467]]}},{"type":"Feature","id":183311,"properties":{"OBJECTID":183311,"PRIMENAME":"2nd Avenue","ELEVTYP_F":0,"ELEVTYP_T":0},"geometry":{"type":"LineString","coordinates":[[-74.033954964289,40.1255785520495],[-74.0338026201826,40.1261538740736],[-74.0336909851296,40.126575403819]]}},{"type":"Feature","id":184905,"properties":{"OBJECTID":184905,"PRIMENAME":"North Potter Avenue","ELEVTYP_F":0,"ELEVTYP_T":0},"geometry":{"type":"LineString","coordinates":[[-74.0382218706322,40.1180707582211],[-74.0380174411548,40.1182554979253]]}},{"type":"Feature","id":185533,"properties":{"OBJECTID":185533,"PRIMENAME":"1st Avenue","ELEVTYP_F":0,"ELEVTYP_T":0},"geometry":{"type":"LineString","coordinates":[[-74.0299446393606,40.1336092637846],[-74.0296712339539,40.1346267940423]]}},{"type":"Feature","id":185748,"properties":{"OBJECTID":185748,"PRIMENAME":"1st Avenue","ELEVTYP_F":0,"ELEVTYP_T":0},"geometry":{"type":"LineString","coordinates":[[-74.0312726581619,40.1271997498083],[-74.0313129236481,40.1270493884644],[-74.031530030975,40.1262384009275]]}},{"type":"Feature","id":186980,"properties":{"OBJECTID":186980,"PRIMENAME":"6th Avenue","ELEVTYP_F":0,"ELEVTYP_T":0},"geometry":{"type":"LineString","coordinates":[[-74.0389282591627,40.1371454872232],[-74.0388558566588,40.1372839465635],[-74.038478432323,40.1380021198967],[-74.0384141452943,40.1381358889963]]}},{"type":"Feature","id":187407,"properties":{"OBJECTID":187407,"PRIMENAME":"Chicago Boulevard","ELEVTYP_F":0,"ELEVTYP_T":0},"geometry":{"type":"LineString","coordinates":[[-74.0374328997801,40.1369110059644],[-74.0388382891198,40.1371313755343],[-74.0389282591627,40.1371454872232]]}},{"type":"Feature","id":187428,"properties":{"OBJECTID":187428,"PRIMENAME":"Manasquan Turnpike","ELEVTYP_F":0,"ELEVTYP_T":0},"geometry":{"type":"LineString","coordinates":[[-74.0435969486685,40.1368087417042],[-74.0432043212069,40.1374759180825],[-74.0430256206823,40.1377857048725]]}},{"type":"Feature","id":192199,"properties":{"OBJECTID":192199,"PRIMENAME":"New York Boulevard","ELEVTYP_F":0,"ELEVTYP_T":0},"geometry":{"type":"LineString","coordinates":[[-74.0379846240539,40.1348781526991],[-74.0396465597865,40.1351423614232],[-74.0397465300363,40.1351582154233]]}},{"type":"Feature","id":193062,"properties":{"OBJECTID":193062,"PRIMENAME":"Stockton Lake Boulevard","ELEVTYP_F":0,"ELEVTYP_T":0},"geometry":{"type":"LineString","coordinates":[[-74.0386833266083,40.1195959626632],[-74.0388110991764,40.1196588179518],[-74.0390525108918,40.1197646216263],[-74.039269269132,40.1198464981641],[-74.0394362582019,40.1199377290711],[-74.0395596714431,40.1200478675464],[-74.0396128894073,40.1201230306303],[-74.0396273278611,40.120143425524],[-74.0397072001557,40.1202676657331],[-74.0398300052386,40.1204683411961],[-74.0399591932627,40.1206451844974],[-74.040033004699,40.1207455709397],[-74.0400609248104,40.1207626759721]]}},{"type":"Feature","id":193665,"properties":{"OBJECTID":193665,"PRIMENAME":"Camp Drive","ELEVTYP_F":0,"ELEVTYP_T":0},"geometry":{"type":"LineString","coordinates":[[-74.0436174544875,40.1273118692462],[-74.0436290047025,40.1272894291511],[-74.0436433811364,40.1272628291174],[-74.0436548039209,40.1272392644619],[-74.0436821131667,40.1271824343394],[-74.0437771840481,40.1269774057819],[-74.0438713453953,40.1267691617114],[-74.0439616066907,40.1265718806543],[-74.0440063476452,40.1264700722022],[-74.0440250857827,40.1264273742247],[-74.0440403903505,40.126390181226],[-74.0440596705735,40.1263415039237],[-74.0440734622589,40.126300512177],[-74.0440806286232,40.1262764920846],[-74.0440858354701,40.1262579269356],[-74.0440900864335,40.1262317535351],[-74.0440909183556,40.1262089154239],[-74.0440902095345,40.1261811859286],[-74.0440874161506,40.126155149622],[-74.0440467124268,40.126070351953]]}},{"type":"Feature","id":195718,"properties":{"OBJECTID":195718,"PRIMENAME":"Unnamed Segment","ELEVTYP_F":0,"ELEVTYP_T":0},"geometry":{"type":"LineString","coordinates":[[-74.0317207951701,40.1376518194806],[-74.0314881632297,40.1376157987263],[-74.0312579397489,40.1375888057978],[-74.031180449091,40.1375806129322],[-74.0310323481446,40.1375572277759],[-74.0309003289993,40.1375359079937],[-74.0308348691034,40.1375260370201],[-74.0308280812176,40.137524884566],[-74.0307778495156,40.1375162803697],[-74.03076515065,40.1375141042025]]}},{"type":"Feature","id":196485,"properties":{"OBJECTID":196485,"PRIMENAME":"2nd Avenue","ELEVTYP_F":0,"ELEVTYP_T":0},"geometry":{"type":"LineString","coordinates":[[-74.0329794234016,40.1292853531672],[-74.0329566541037,40.1291007227224],[-74.0329565073913,40.1290995287233]]}},{"type":"Feature","id":196771,"properties":{"OBJECTID":196771,"PRIMENAME":"5th Avenue","ELEVTYP_F":0,"ELEVTYP_T":0},"geometry":{"type":"LineString","coordinates":[[-74.0374328997801,40.1369110059644],[-74.0375225144208,40.1365843454103],[-74.0377114773932,40.1358955381155]]}},{"type":"Feature","id":198071,"properties":{"OBJECTID":198071,"PRIMENAME":"Neptune Place","ELEVTYP_F":0,"ELEVTYP_T":0},"geometry":{"type":"LineString","coordinates":[[-74.0306126331959,40.1250543192363],[-74.0308342652198,40.125089718954],[-74.0310533471845,40.1251247098191]]}},{"type":"Feature","id":198692,"properties":{"OBJECTID":198692,"PRIMENAME":"New York Boulevard","ELEVTYP_F":0,"ELEVTYP_T":0},"geometry":{"type":"LineString","coordinates":[[-74.0317451635743,40.1338914990858],[-74.0329411956494,40.1340812520312],[-74.0340578129616,40.1342578798163]]}},{"type":"Feature","id":198981,"properties":{"OBJECTID":198981,"PRIMENAME":"Fletcher Avenue","ELEVTYP_F":0,"ELEVTYP_T":0},"geometry":{"type":"LineString","coordinates":[[-74.0392828973261,40.1171225849589],[-74.0393617966476,40.1171730823593],[-74.0404929920421,40.1178972562017],[-74.0405498117476,40.1179344881382]]}},{"type":"Feature","id":200753,"properties":{"OBJECTID":200753,"PRIMENAME":"Neptune Place","ELEVTYP_F":0,"ELEVTYP_T":0},"geometry":{"type":"LineString","coordinates":[[-74.0310533471845,40.1251247098191],[-74.0317963873187,40.1252433749655]]}},{"type":"Feature","id":201190,"properties":{"OBJECTID":201190,"PRIMENAME":"Ocean Avenue","ELEVTYP_F":0,"ELEVTYP_T":0},"geometry":{"type":"LineString","coordinates":[[-74.0310411838645,40.1242272039923],[-74.0311134210178,40.1239431392173],[-74.0312484200397,40.1234391395914],[-74.0312632901617,40.1233832626893]]}},{"type":"Feature","id":201512,"properties":{"OBJECTID":201512,"PRIMENAME":"Dewey Avenue","ELEVTYP_F":0,"ELEVTYP_T":0},"geometry":{"type":"LineString","coordinates":[[-74.0465730111317,40.1184666003261],[-74.0459987060011,40.1189910910296]]}},{"type":"Feature","id":203623,"properties":{"OBJECTID":203623,"PRIMENAME":"Bell Place","ELEVTYP_F":0,"ELEVTYP_T":0},"geometry":{"type":"LineString","coordinates":[[-74.0432452719828,40.1303925411544],[-74.0431923318535,40.1304951167046],[-74.0427478976248,40.1313571690645]]}},{"type":"Feature","id":203666,"properties":{"OBJECTID":203666,"PRIMENAME":"Parker Avenue","ELEVTYP_F":0,"ELEVTYP_T":0},"geometry":{"type":"LineString","coordinates":[[-74.0462861772073,40.1259087184521],[-74.0461979424839,40.1259906494789]]}},{"type":"Feature","id":204325,"properties":{"OBJECTID":204325,"PRIMENAME":"Philadelphia Boulevard","ELEVTYP_F":0,"ELEVTYP_T":0},"geometry":{"type":"LineString","coordinates":[[-74.0414558957944,40.1333074476945],[-74.0419589188966,40.1333779317947]]}},{"type":"Feature","id":204864,"properties":{"OBJECTID":204864,"PRIMENAME":"New York Boulevard","ELEVTYP_F":0,"ELEVTYP_T":0},"geometry":{"type":"LineString","coordinates":[[-74.0424333435596,40.1355697571046],[-74.0414240669369,40.1354127972105]]}},{"type":"Feature","id":208728,"properties":{"OBJECTID":208728,"PRIMENAME":"The Plaza","ELEVTYP_F":0,"ELEVTYP_T":0},"geometry":{"type":"LineString","coordinates":[[-74.0421760741954,40.1300997623418],[-74.0421011876166,40.1302429624928],[-74.041744076249,40.1308763436357]]}},{"type":"Feature","id":210799,"properties":{"OBJECTID":210799,"PRIMENAME":"Sea Girt Avenue","ELEVTYP_F":0,"ELEVTYP_T":0},"geometry":{"type":"LineString","coordinates":[[-74.0436472920117,40.1305177990807],[-74.0433455309272,40.1304339519247],[-74.0432452719828,40.1303925411544]]}},{"type":"Feature","id":210861,"properties":{"OBJECTID":210861,"PRIMENAME":"3rd Avenue","ELEVTYP_F":0,"ELEVTYP_T":0},"geometry":{"type":"LineString","coordinates":[[-74.0351764740485,40.1300404727138],[-74.0354444451021,40.1290391865695]]}},{"type":"Feature","id":211059,"properties":{"OBJECTID":211059,"PRIMENAME":"Washington Boulevard","ELEVTYP_F":0,"ELEVTYP_T":0},"geometry":{"type":"LineString","coordinates":[[-74.0333108404762,40.1287067192533],[-74.0331368023684,40.1286767797527]]}},{"type":"Feature","id":213692,"properties":{"OBJECTID":213692,"PRIMENAME":"Bergen Place","ELEVTYP_F":0,"ELEVTYP_T":0},"geometry":{"type":"LineString","coordinates":[[-74.0441768310323,40.1358281290023],[-74.0442553183349,40.1358423561817],[-74.0455689667989,40.1362716938748],[-74.0456647592384,40.136303009132]]}},{"type":"Feature","id":213917,"properties":{"OBJECTID":213917,"PRIMENAME":"The Crescent","ELEVTYP_F":0,"ELEVTYP_T":0},"geometry":{"type":"LineString","coordinates":[[-74.0326604241367,40.130229974478],[-74.0326044274815,40.1303148082562],[-74.0324353294432,40.1305238654051],[-74.0322477960844,40.1307089923061],[-74.0321751254351,40.1307658003697]]}},{"type":"Feature","id":216161,"properties":{"OBJECTID":216161,"PRIMENAME":"Beacon Boulevard","ELEVTYP_F":0,"ELEVTYP_T":0},"geometry":{"type":"LineString","coordinates":[[-74.0291254942863,40.1366742642189],[-74.0283174195436,40.1365472181472],[-74.0274358522122,40.1364086107179],[-74.0272802874315,40.1363841464143]]}},{"type":"Feature","id":218908,"properties":{"OBJECTID":218908,"PRIMENAME":"Unnamed Segment","ELEVTYP_F":0,"ELEVTYP_T":0},"geometry":{"type":"LineString","coordinates":[[-74.0431266639949,40.1270645649044],[-74.0434008701685,40.1272419473811],[-74.0434788843569,40.1272745345987],[-74.0435037963242,40.1272812474311]]}},{"type":"Feature","id":220362,"properties":{"OBJECTID":220362,"PRIMENAME":"3rd Avenue","ELEVTYP_F":0,"ELEVTYP_T":0},"geometry":{"type":"LineString","coordinates":[[-74.0335145049633,40.1362989292179],[-74.0336433423711,40.1358332433732],[-74.0337903762214,40.1352743179436]]}},{"type":"Feature","id":221775,"properties":{"OBJECTID":221775,"PRIMENAME":"Brooklyn Boulevard","ELEVTYP_F":0,"ELEVTYP_T":0},"geometry":{"type":"LineString","coordinates":[[-74.0296712339539,40.1346267940423],[-74.027971624405,40.134361381673],[-74.0278112744428,40.1343363500605]]}},{"type":"Feature","id":221946,"properties":{"OBJECTID":221946,"PRIMENAME":"Beacon Boulevard","ELEVTYP_F":0,"ELEVTYP_T":0},"geometry":{"type":"LineString","coordinates":[[-74.0384141452943,40.1381358889963],[-74.0379253571134,40.1380571266898],[-74.037157109073,40.1379359836007]]}},{"type":"Feature","id":222125,"properties":{"OBJECTID":222125,"PRIMENAME":"Neptune Place","ELEVTYP_F":0,"ELEVTYP_T":0},"geometry":{"type":"LineString","coordinates":[[-74.0357146012367,40.1258562495728],[-74.0360407532959,40.1259079337806]]}},{"type":"Feature","id":223149,"properties":{"OBJECTID":223149,"PRIMENAME":"1st Avenue","ELEVTYP_F":0,"ELEVTYP_T":0},"geometry":{"type":"LineString","coordinates":[[-74.0317963873187,40.1252433749655],[-74.0318672985583,40.1249783566066],[-74.0320267482299,40.1243805269906]]}},{"type":"Feature","id":224253,"properties":{"OBJECTID":224253,"PRIMENAME":"2nd Avenue","ELEVTYP_F":0,"ELEVTYP_T":0},"geometry":{"type":"LineString","coordinates":[[-74.0314704350081,40.1349077375548],[-74.0317451635743,40.1338914990858]]}},{"type":"Feature","id":224439,"properties":{"OBJECTID":224439,"PRIMENAME":"South Farragut Avenue","ELEVTYP_F":0,"ELEVTYP_T":0},"geometry":{"type":"LineString","coordinates":[[-74.0459366880087,40.1171542149544],[-74.0453990197089,40.1176497191266],[-74.0453607476856,40.1176836653018]]}},{"type":"Feature","id":224987,"properties":{"OBJECTID":224987,"PRIMENAME":"Sea Girt Avenue","ELEVTYP_F":0,"ELEVTYP_T":0},"geometry":{"type":"LineString","coordinates":[[-74.0341770158902,40.1247399065169],[-74.0345495162767,40.12497011528],[-74.0353717733443,40.1254881596934],[-74.0357472966877,40.1257237961398],[-74.0360407532959,40.1259079337806]]}},{"type":"Feature","id":225293,"properties":{"OBJECTID":225293,"PRIMENAME":"Chicago Boulevard","ELEVTYP_F":0,"ELEVTYP_T":0},"geometry":{"type":"LineString","coordinates":[[-74.0293985771467,40.1356487461602],[-74.0305261555387,40.1358254246012],[-74.0311943511838,40.1359324802554]]}},{"type":"Feature","id":226362,"properties":{"OBJECTID":226362,"PRIMENAME":"The Terrace","ELEVTYP_F":0,"ELEVTYP_T":0},"geometry":{"type":"LineString","coordinates":[[-74.0350106476431,40.139012103109],[-74.0350498476248,40.1390179158947],[-74.0351614293625,40.1390469425262],[-74.0352667515236,40.1390759709504],[-74.0353474157271,40.1390858211666],[-74.0354652581866,40.1391148996465],[-74.0357999070057,40.1392163345245],[-74.0359239016129,40.139245410178],[-74.0360604408496,40.1392602601253],[-74.0362030708244,40.1392894371576],[-74.0363519496865,40.1393043361814],[-74.0365009365723,40.1393192363469],[-74.0366936384344,40.1392914008666],[-74.0367869742769,40.1392631685437]]}},{"type":"Feature","id":226876,"properties":{"OBJECTID":226876,"PRIMENAME":"2nd Avenue","ELEVTYP_F":0,"ELEVTYP_T":0},"geometry":{"type":"LineString","coordinates":[[-74.0298336564876,40.1409109529663],[-74.0301006626229,40.1400351722288],[-74.0301285292696,40.1399437749943]]}},{"type":"Feature","id":227014,"properties":{"OBJECTID":227014,"PRIMENAME":"Neptune Place","ELEVTYP_F":0,"ELEVTYP_T":0},"geometry":{"type":"LineString","coordinates":[[-74.0317963873187,40.1252433749655],[-74.0320824947675,40.1252890323467],[-74.033954964289,40.1255785520495]]}},{"type":"Feature","id":227220,"properties":{"OBJECTID":227220,"PRIMENAME":"Brooklyn Boulevard","ELEVTYP_F":0,"ELEVTYP_T":0},"geometry":{"type":"LineString","coordinates":[[-74.0377114773932,40.1358955381155],[-74.0360292344247,40.1356283921295],[-74.035919761134,40.1356110422351]]}},{"type":"Feature","id":227685,"properties":{"OBJECTID":227685,"PRIMENAME":"South Farragut Avenue","ELEVTYP_F":0,"ELEVTYP_T":0},"geometry":{"type":"LineString","coordinates":[[-74.0453607476856,40.1176836653018],[-74.0447799207036,40.1181989824546]]}},{"type":"Feature","id":228389,"properties":{"OBJECTID":228389,"PRIMENAME":"Sea Girt Avenue","ELEVTYP_F":0,"ELEVTYP_T":0},"geometry":{"type":"LineString","coordinates":[[-74.0341230282353,40.1247065261115],[-74.0341770158902,40.1247399065169]]}},{"type":"Feature","id":232628,"properties":{"OBJECTID":232628,"PRIMENAME":"Camp Drive","ELEVTYP_F":0,"ELEVTYP_T":0},"geometry":{"type":"LineString","coordinates":[[-74.0428367557376,40.1286294775144],[-74.0428194384971,40.1286705776709],[-74.0427927614622,40.1287235668456],[-74.0427445835666,40.1288201759695],[-74.0427258884474,40.128856760039],[-74.0426705460934,40.1289650542507],[-74.0425991818399,40.1291166693548],[-74.0425260243752,40.1292635559358],[-74.0424988499926,40.1293206519972],[-74.0424503542544,40.1294225386469],[-74.0423815549139,40.1295647479758],[-74.0423233123595,40.1296794632387],[-74.0422927285169,40.1297794850291],[-74.042306102349,40.1298510855978]]}},{"type":"Feature","id":234001,"properties":{"OBJECTID":234001,"PRIMENAME":"Sea Girt Avenue","ELEVTYP_F":0,"ELEVTYP_T":0},"geometry":{"type":"LineString","coordinates":[[-74.046325836019,40.1312239283255],[-74.0449079322493,40.1308513468143]]}},{"type":"Feature","id":237255,"properties":{"OBJECTID":237255,"PRIMENAME":"Brooklyn Boulevard","ELEVTYP_F":0,"ELEVTYP_T":0},"geometry":{"type":"LineString","coordinates":[[-74.0421995086254,40.1366015563308],[-74.0422090209173,40.1366029665767],[-74.0426128294157,40.1366628373281],[-74.0435969486685,40.1368087417042]]}},{"type":"Feature","id":237894,"properties":{"OBJECTID":237894,"PRIMENAME":"Chicago Boulevard","ELEVTYP_F":0,"ELEVTYP_T":0},"geometry":{"type":"LineString","coordinates":[[-74.0275350619595,40.1353566638694],[-74.0277161709177,40.1353850473061],[-74.0293985771467,40.1356487461602]]}},{"type":"Feature","id":238056,"properties":{"OBJECTID":238056,"PRIMENAME":"FR RT 71 SB to MANASQUAN TRPK","ELEVTYP_F":0,"ELEVTYP_T":0},"geometry":{"type":"LineString","coordinates":[[-74.0421986588021,40.1393824481562],[-74.0422053150244,40.1393384102026],[-74.0422137142513,40.1392945481017],[-74.0422238486997,40.1392509024803],[-74.0422357089795,40.1392075137649],[-74.0422492841018,40.1391644221437],[-74.0422645614897,40.1391216675298],[-74.0422815269895,40.139079289524],[-74.0423001648842,40.1390373273782],[-74.0423325212223,40.1389842257611]]}},{"type":"Feature","id":239902,"properties":{"OBJECTID":239902,"PRIMENAME":"Trenton Boulevard","ELEVTYP_F":0,"ELEVTYP_T":0},"geometry":{"type":"LineString","coordinates":[[-74.0334188166676,40.1276024208818],[-74.0320060657492,40.1273810496948],[-74.0316741744428,40.1273377478241],[-74.0315159730763,40.1273171073551]]}},{"type":"Feature","id":240986,"properties":{"OBJECTID":240986,"PRIMENAME":"7th Avenue","ELEVTYP_F":0,"ELEVTYP_T":0},"geometry":{"type":"LineString","coordinates":[[-74.0429248174329,40.1335212127748],[-74.0426829387526,40.1345493851842]]}},{"type":"Feature","id":241360,"properties":{"OBJECTID":241360,"PRIMENAME":"2nd Avenue","ELEVTYP_F":0,"ELEVTYP_T":0},"geometry":{"type":"LineString","coordinates":[[-74.0311943511838,40.1359324802554],[-74.0313489949724,40.1353568693805],[-74.0314704350081,40.1349077375548]]}},{"type":"Feature","id":242184,"properties":{"OBJECTID":242184,"PRIMENAME":"Stockton Lake Boulevard","ELEVTYP_F":0,"ELEVTYP_T":0},"geometry":{"type":"LineString","coordinates":[[-74.0455321328126,40.1254128166213],[-74.0459029043992,40.1256566536314]]}},{"type":"Feature","id":244011,"properties":{"OBJECTID":244011,"PRIMENAME":"7th Avenue","ELEVTYP_F":0,"ELEVTYP_T":0},"geometry":{"type":"LineString","coordinates":[[-74.0421723411289,40.1376543501449],[-74.0421758287525,40.1378916391581],[-74.0421917100074,40.1384725231264],[-74.042189634222,40.1387232418214]]}},{"type":"Feature","id":244039,"properties":{"OBJECTID":244039,"PRIMENAME":"Terrace Place","ELEVTYP_F":0,"ELEVTYP_T":0},"geometry":{"type":"LineString","coordinates":[[-74.0446661830979,40.1380342744732],[-74.0446944459041,40.137974538764],[-74.0447574293322,40.1378413374668],[-74.0450737525519,40.1373128775739]]}},{"type":"Feature","id":245026,"properties":{"OBJECTID":245026,"PRIMENAME":"Cedar Avenue","ELEVTYP_F":0,"ELEVTYP_T":0},"geometry":{"type":"LineString","coordinates":[[-74.0465730111317,40.1184666003261],[-74.0461156805079,40.1181672733703],[-74.0453607476856,40.1176836653018]]}},{"type":"Feature","id":246389,"properties":{"OBJECTID":246389,"PRIMENAME":"McLean Avenue","ELEVTYP_F":0,"ELEVTYP_T":0},"geometry":{"type":"LineString","coordinates":[[-74.0439832985482,40.1214362063265],[-74.0438903686413,40.1213756637281],[-74.0427203925064,40.1206133549661],[-74.042355911285,40.120375867903]]}},{"type":"Feature","id":247044,"properties":{"OBJECTID":247044,"PRIMENAME":"2nd Avenue","ELEVTYP_F":0,"ELEVTYP_T":0},"geometry":{"type":"LineString","coordinates":[[-74.0336909851296,40.126575403819],[-74.0334520728929,40.1274774514955],[-74.0334188166676,40.1276024208818]]}},{"type":"Feature","id":247323,"properties":{"OBJECTID":247323,"PRIMENAME":"North Farragut Avenue","ELEVTYP_F":0,"ELEVTYP_T":0},"geometry":{"type":"LineString","coordinates":[[-74.0431647023603,40.119647273917],[-74.0427242060784,40.1200440947484],[-74.042355911285,40.120375867903]]}},{"type":"Feature","id":247627,"properties":{"OBJECTID":247627,"PRIMENAME":"Chicago Boulevard","ELEVTYP_F":0,"ELEVTYP_T":0},"geometry":{"type":"LineString","coordinates":[[-74.0430256206823,40.1377857048725],[-74.0426057341455,40.1377210677869],[-74.0421723411289,40.1376543501449]]}},{"type":"Feature","id":247924,"properties":{"OBJECTID":247924,"PRIMENAME":"Manasquan Turnpike","ELEVTYP_F":0,"ELEVTYP_T":0},"geometry":{"type":"LineString","coordinates":[[-74.0449780536845,40.134371389703],[-74.044927891104,40.134481277836],[-74.0447730041862,40.134794593591],[-74.0447345173774,40.1348645020202]]}},{"type":"Feature","id":248653,"properties":{"OBJECTID":248653,"PRIMENAME":"The Crescent","ELEVTYP_F":0,"ELEVTYP_T":0},"geometry":{"type":"LineString","coordinates":[[-74.0328626101938,40.1286332599277],[-74.0327933024534,40.1284709255015],[-74.0327013217695,40.128308499546],[-74.0326030166151,40.1281555745346],[-74.0324798272848,40.1280121025496],[-74.0323441929425,40.1278686071979],[-74.0321837406697,40.1277249294733],[-74.0319922803902,40.1275764039285],[-74.0318625144482,40.1274900621769],[-74.0317814222884,40.127446495163],[-74.0317016711069,40.1274036486585],[-74.0315159730763,40.1273171073551]]}},{"type":"Feature","id":250572,"properties":{"OBJECTID":250572,"PRIMENAME":"3rd Avenue","ELEVTYP_F":0,"ELEVTYP_T":0},"geometry":{"type":"LineString","coordinates":[[-74.0357320405419,40.1279647895202],[-74.0360061610165,40.1269403553135]]}},{"type":"Feature","id":254058,"properties":{"OBJECTID":254058,"PRIMENAME":"Sea Girt Avenue","ELEVTYP_F":0,"ELEVTYP_T":0},"geometry":{"type":"LineString","coordinates":[[-74.0474259267256,40.1315069351638],[-74.0465274214543,40.1312757803766],[-74.046325836019,40.1312239283255]]}},{"type":"Feature","id":254754,"properties":{"OBJECTID":254754,"PRIMENAME":"The Plaza","ELEVTYP_F":0,"ELEVTYP_T":0},"geometry":{"type":"LineString","coordinates":[[-74.041744076249,40.1308763436357],[-74.0416990122433,40.1309563010362],[-74.0414591992005,40.131388366756]]}},{"type":"Feature","id":257145,"properties":{"OBJECTID":257145,"PRIMENAME":"West Chicago Boulevard","ELEVTYP_F":0,"ELEVTYP_T":0},"geometry":{"type":"LineString","coordinates":[[-74.0474110198495,40.1384664364859],[-74.0471543556843,40.1384263677395],[-74.0460623576322,40.1382543004012]]}},{"type":"Feature","id":257818,"properties":{"OBJECTID":257818,"PRIMENAME":"Philadelphia Boulevard","ELEVTYP_F":0,"ELEVTYP_T":0},"geometry":{"type":"LineString","coordinates":[[-74.0367377497603,40.1325481568716],[-74.0377381094447,40.1327040240734],[-74.0385187649069,40.1328277932257]]}},{"type":"Feature","id":260265,"properties":{"OBJECTID":260265,"PRIMENAME":"5th Avenue","ELEVTYP_F":0,"ELEVTYP_T":0},"geometry":{"type":"LineString","coordinates":[[-74.0385187649069,40.1328277932257],[-74.0387618313363,40.1319073865328],[-74.0387892691792,40.1318060300868]]}},{"type":"Feature","id":261069,"properties":{"OBJECTID":261069,"PRIMENAME":"3rd Avenue","ELEVTYP_F":0,"ELEVTYP_T":0},"geometry":{"type":"LineString","coordinates":[[-74.0350061466003,40.130676729775],[-74.035136251418,40.1301908634282]]}},{"type":"Feature","id":261502,"properties":{"OBJECTID":261502,"PRIMENAME":"5th Avenue","ELEVTYP_F":0,"ELEVTYP_T":0},"geometry":{"type":"LineString","coordinates":[[-74.0377114773932,40.1358955381155],[-74.0378311797888,40.135459212092],[-74.0379846240539,40.1348781526991]]}},{"type":"Feature","id":261503,"properties":{"OBJECTID":261503,"PRIMENAME":"Unnamed Segment","ELEVTYP_F":0,"ELEVTYP_T":0},"geometry":{"type":"LineString","coordinates":[[-74.0410614238047,40.1241531399863],[-74.0408084247999,40.1239821389925],[-74.040382424839,40.123676138921],[-74.0402544242324,40.1235761393023]]}},{"type":"Feature","id":261648,"properties":{"OBJECTID":261648,"PRIMENAME":"South Farragut Avenue","ELEVTYP_F":0,"ELEVTYP_T":0},"geometry":{"type":"LineString","coordinates":[[-74.0447799207036,40.1181989824546],[-74.0442811385772,40.1186414296895],[-74.0440229451588,40.1188740407891],[-74.0439737645974,40.11891834648]]}},{"type":"Feature","id":262052,"properties":{"OBJECTID":262052,"PRIMENAME":"North Farragut Avenue","ELEVTYP_F":0,"ELEVTYP_T":0},"geometry":{"type":"LineString","coordinates":[[-74.0439737645974,40.11891834648],[-74.0431647023603,40.119647273917]]}},{"type":"Feature","id":263304,"properties":{"OBJECTID":263304,"PRIMENAME":"Unnamed Segment","ELEVTYP_F":0,"ELEVTYP_T":0},"geometry":{"type":"LineString","coordinates":[[-74.0402544242324,40.1235761393023],[-74.0393300417882,40.1228650835696],[-74.0388675531635,40.1225100984479],[-74.0385984237757,40.1222801397138],[-74.0382507846251,40.1220033919564],[-74.038091488336,40.1218773533107],[-74.037606912954,40.1215410101974],[-74.0372826009945,40.1213163195342],[-74.0366111005815,40.1208510801283],[-74.0362464238238,40.1204821395503],[-74.0361014211458,40.1203431377609]]}},{"type":"Feature","id":264240,"properties":{"OBJECTID":264240,"PRIMENAME":"Unnamed Segment","ELEVTYP_F":0,"ELEVTYP_T":0},"geometry":{"type":"LineString","coordinates":[[-74.0439704281132,40.138474142601],[-74.0441824266396,40.13852114269]]}},{"type":"Feature","id":264721,"properties":{"OBJECTID":264721,"PRIMENAME":"1st Avenue","ELEVTYP_F":0,"ELEVTYP_T":0},"geometry":{"type":"LineString","coordinates":[[-74.0320267482299,40.1243805269906],[-74.0322050615415,40.1237119712824],[-74.0322524120252,40.1235343500565]]}},{"type":"Feature","id":267440,"properties":{"OBJECTID":267440,"PRIMENAME":"Boston Boulevard","ELEVTYP_F":0,"ELEVTYP_T":0},"geometry":{"type":"LineString","coordinates":[[-74.0387892691792,40.1318060300868],[-74.0371312012125,40.1315481932461],[-74.0370096934721,40.131528819277]]}},{"type":"Feature","id":268324,"properties":{"OBJECTID":268324,"PRIMENAME":"1st Avenue","ELEVTYP_F":0,"ELEVTYP_T":0},"geometry":{"type":"LineString","coordinates":[[-74.0293985771467,40.1356487461602],[-74.0291587631337,40.136549269312],[-74.0291583981009,40.1365506404698],[-74.0291254942863,40.1366742642189]]}},{"type":"Feature","id":268545,"properties":{"OBJECTID":268545,"PRIMENAME":"Minerva Avenue","ELEVTYP_F":0,"ELEVTYP_T":0},"geometry":{"type":"LineString","coordinates":[[-74.0431871900109,40.1221753974409],[-74.0431022301984,40.1222542911588],[-74.0427069678988,40.1226171460522],[-74.0425025524728,40.1228047991954],[-74.042423510489,40.1228773470301],[-74.042406623072,40.1228928468646]]}},{"type":"Feature","id":270408,"properties":{"OBJECTID":270408,"PRIMENAME":"Unnamed Segment","ELEVTYP_F":0,"ELEVTYP_T":0},"geometry":{"type":"LineString","coordinates":[[-74.0440467124268,40.126070351953],[-74.044015425671,40.1259671390001],[-74.0439794243161,40.12591313985],[-74.043949425798,40.1258791397325],[-74.043902425505,40.1258371403128],[-74.0435164248321,40.1256271395986],[-74.0432864252302,40.1255071387466],[-74.0429524250422,40.1253161385124],[-74.0426898069475,40.1251783398901],[-74.0426894257954,40.1251781393335],[-74.0420294245608,40.1247801401743],[-74.0410614238047,40.1241531399863]]}},{"type":"Feature","id":270466,"properties":{"OBJECTID":270466,"PRIMENAME":"Sea Girt Avenue","ELEVTYP_F":0,"ELEVTYP_T":0},"geometry":{"type":"LineString","coordinates":[[-74.0382521964738,40.1272944711941],[-74.0387227112114,40.1275891040554],[-74.0396871853381,40.1281982785846],[-74.0397534628838,40.1282397492466]]}},{"type":"Feature","id":270532,"properties":{"OBJECTID":270532,"PRIMENAME":"FR RT 71 SB to MANASQUAN TRPK","ELEVTYP_F":0,"ELEVTYP_T":0},"geometry":{"type":"LineString","coordinates":[[-74.0423325212223,40.1389842257611],[-74.0423563132815,40.1389442299633],[-74.0423796821828,40.1389040874816],[-74.0424026263917,40.138863800953],[-74.0424251444018,40.1388233730239]]}},{"type":"Feature","id":272180,"properties":{"OBJECTID":272180,"PRIMENAME":"4th Avenue","ELEVTYP_F":0,"ELEVTYP_T":0},"geometry":{"type":"LineString","coordinates":[[-74.035919761134,40.1356110422351],[-74.0356753469919,40.1365325078],[-74.0356633239222,40.1365769056355],[-74.0356481602244,40.1366329033922]]}},{"type":"Feature","id":272578,"properties":{"OBJECTID":272578,"PRIMENAME":"Cresent Parkway","ELEVTYP_F":0,"ELEVTYP_T":0},"geometry":{"type":"LineString","coordinates":[[-74.035136251418,40.1301908634282],[-74.0339563815423,40.1300055358698],[-74.0329949880956,40.129853884056],[-74.0328598362536,40.1298325574734]]}},{"type":"Feature","id":275660,"properties":{"OBJECTID":275660,"PRIMENAME":"Cresent Parkway","ELEVTYP_F":0,"ELEVTYP_T":0},"geometry":{"type":"LineString","coordinates":[[-74.0373185709414,40.1303782941642],[-74.0351764740485,40.1300404727138]]}},{"type":"Feature","id":275767,"properties":{"OBJECTID":275767,"PRIMENAME":"East Main Street","ELEVTYP_F":0,"ELEVTYP_T":0},"geometry":{"type":"LineString","coordinates":[[-74.0439737645974,40.11891834648],[-74.0451564815959,40.1196928890126],[-74.0451994205334,40.1197209492001]]}},{"type":"Feature","id":276907,"properties":{"OBJECTID":276907,"PRIMENAME":"Unnamed Segment","ELEVTYP_F":0,"ELEVTYP_T":0},"geometry":{"type":"LineString","coordinates":[[-74.0330867437192,40.1378679192549],[-74.0319294974313,40.1376860713798]]}},{"type":"Feature","id":276953,"properties":{"OBJECTID":276953,"PRIMENAME":"North Jackson Avenue","ELEVTYP_F":0,"ELEVTYP_T":0},"geometry":{"type":"LineString","coordinates":[[-74.0392848927946,40.1190681032599],[-74.0396616268374,40.1187375847773],[-74.0397359935047,40.1186703459533]]}},{"type":"Feature","id":278233,"properties":{"OBJECTID":278233,"PRIMENAME":"Unnamed Segment","ELEVTYP_F":0,"ELEVTYP_T":0},"geometry":{"type":"LineString","coordinates":[[-74.0419901388122,40.1280807413762],[-74.0419300900178,40.1281678253124],[-74.0415873955755,40.1284155844499],[-74.041382632619,40.1286005544817],[-74.0408063737533,40.1289004283596]]}},{"type":"Feature","id":279429,"properties":{"OBJECTID":279429,"PRIMENAME":"Bell Place","ELEVTYP_F":0,"ELEVTYP_T":0},"geometry":{"type":"LineString","coordinates":[[-74.0419589188966,40.1333779317947],[-74.0418667122899,40.1337213087569],[-74.0416939503249,40.1343934958049]]}},{"type":"Feature","id":279479,"properties":{"OBJECTID":279479,"PRIMENAME":"Beacon Boulevard","ELEVTYP_F":0,"ELEVTYP_T":0},"geometry":{"type":"LineString","coordinates":[[-74.037157109073,40.1379359836007],[-74.0353714729,40.1376544686031]]}},{"type":"Feature","id":279694,"properties":{"OBJECTID":279694,"PRIMENAME":"Stockton Boulevard","ELEVTYP_F":0,"ELEVTYP_T":0},"geometry":{"type":"LineString","coordinates":[[-74.0336909851296,40.126575403819],[-74.0316660335137,40.1262596505406],[-74.031530030975,40.1262384009275]]}},{"type":"Feature","id":280276,"properties":{"OBJECTID":280276,"PRIMENAME":"Minerva Avenue","ELEVTYP_F":0,"ELEVTYP_T":0},"geometry":{"type":"LineString","coordinates":[[-74.0439832985482,40.1214362063265],[-74.0431871900109,40.1221753974409]]}},{"type":"Feature","id":282570,"properties":{"OBJECTID":282570,"PRIMENAME":"7th Avenue","ELEVTYP_F":0,"ELEVTYP_T":0},"geometry":{"type":"LineString","coordinates":[[-74.0431661293009,40.1324910604278],[-74.0429248174329,40.1335212127748]]}},{"type":"Feature","id":282915,"properties":{"OBJECTID":282915,"PRIMENAME":"Sea Girt Avenue","ELEVTYP_F":0,"ELEVTYP_T":0},"geometry":{"type":"LineString","coordinates":[[-74.0397534628838,40.1282397492466],[-74.0401694633291,40.1285004477989],[-74.0405163382354,40.128718290723]]}},{"type":"Feature","id":283307,"properties":{"OBJECTID":283307,"PRIMENAME":"Baltimore Boulevard","ELEVTYP_F":0,"ELEVTYP_T":0},"geometry":{"type":"LineString","coordinates":[[-74.0302234920449,40.1325887906347],[-74.028693432775,40.1323482355632]]}},{"type":"Feature","id":284482,"properties":{"OBJECTID":284482,"PRIMENAME":"Unnamed Segment","ELEVTYP_F":0,"ELEVTYP_T":0},"geometry":{"type":"LineString","coordinates":[[-74.0435037963242,40.1272812474311],[-74.0436174544875,40.1273118692462]]}},{"type":"Feature","id":284776,"properties":{"OBJECTID":284776,"PRIMENAME":"4th Avenue","ELEVTYP_F":0,"ELEVTYP_T":0},"geometry":{"type":"LineString","coordinates":[[-74.0373185709414,40.1303782941642],[-74.0372786506069,40.1305268197097]]}},{"type":"Feature","id":285273,"properties":{"OBJECTID":285273,"PRIMENAME":"Boston Boulevard","ELEVTYP_F":0,"ELEVTYP_T":0},"geometry":{"type":"LineString","coordinates":[[-74.0348701230277,40.1311879831751],[-74.0325600099445,40.1308261043785]]}},{"type":"Feature","id":287447,"properties":{"OBJECTID":287447,"PRIMENAME":"Manasquan Turnpike","ELEVTYP_F":0,"ELEVTYP_T":0},"geometry":{"type":"LineString","coordinates":[[-74.046325836019,40.1312239283255],[-74.0462703020169,40.1313298447601],[-74.0460420587741,40.1318602462356],[-74.0460343497877,40.13187924028]]}},{"type":"Feature","id":289613,"properties":{"OBJECTID":289613,"PRIMENAME":"1st Avenue","ELEVTYP_F":0,"ELEVTYP_T":0},"geometry":{"type":"LineString","coordinates":[[-74.0287338843774,40.1379144201876],[-74.028606148704,40.1383033747094],[-74.0286008638322,40.1383200869927],[-74.0285301681197,40.1385437243828],[-74.0284865938949,40.1386815649804]]}},{"type":"Feature","id":290958,"properties":{"OBJECTID":290958,"PRIMENAME":"Barbara Lynn Lane","ELEVTYP_F":0,"ELEVTYP_T":0},"geometry":{"type":"LineString","coordinates":[[-74.0425004798187,40.1386810699419],[-74.0425989736182,40.1387293204412],[-74.0426884246559,40.1387731416122],[-74.0427286172141,40.1387904466406],[-74.0429044265417,40.1388661424475],[-74.0437414271735,40.1390211426421],[-74.043910426136,40.1389781423241]]}},{"type":"Feature","id":291040,"properties":{"OBJECTID":291040,"PRIMENAME":"Beacon Boulevard","ELEVTYP_F":0,"ELEVTYP_T":0},"geometry":{"type":"LineString","coordinates":[[-74.0309179877004,40.1369550242032],[-74.0292719499037,40.1366972884546],[-74.0291254942863,40.1366742642189]]}},{"type":"Feature","id":291115,"properties":{"OBJECTID":291115,"PRIMENAME":"Wyckoff Avenue","ELEVTYP_F":0,"ELEVTYP_T":0},"geometry":{"type":"LineString","coordinates":[[-74.0440096346713,40.1230395089264],[-74.0441813214293,40.1228842787153],[-74.0447654275388,40.1223561575746],[-74.0458432071622,40.1213855339039]]}},{"type":"Feature","id":291636,"properties":{"OBJECTID":291636,"PRIMENAME":"Unnamed Segment","ELEVTYP_F":0,"ELEVTYP_T":0},"geometry":{"type":"LineString","coordinates":[[-74.0432692735325,40.1277499941563],[-74.0432032047221,40.1277300274837],[-74.0427313027132,40.1274317127118]]}},{"type":"Feature","id":291667,"properties":{"OBJECTID":291667,"PRIMENAME":"Manasquan Turnpike","ELEVTYP_F":0,"ELEVTYP_T":0},"geometry":{"type":"LineString","coordinates":[[-74.0447345173774,40.1348645020202],[-74.0446137321686,40.1350837607446],[-74.0445782749366,40.1351447039116]]}},{"type":"Feature","id":294398,"properties":{"OBJECTID":294398,"PRIMENAME":"Brooklyn Boulevard","ELEVTYP_F":0,"ELEVTYP_T":0},"geometry":{"type":"LineString","coordinates":[[-74.0411447481904,40.1364405430509],[-74.0416368267923,40.1365181519255],[-74.0421995086254,40.1366015563308]]}},{"type":"Feature","id":294766,"properties":{"OBJECTID":294766,"PRIMENAME":"2nd Avenue","ELEVTYP_F":0,"ELEVTYP_T":0},"geometry":{"type":"LineString","coordinates":[[-74.0331368023684,40.1286767797527],[-74.0331012146833,40.1288391306557]]}},{"type":"Feature","id":295086,"properties":{"OBJECTID":295086,"PRIMENAME":"Euclid Avenue","ELEVTYP_F":0,"ELEVTYP_T":0},"geometry":{"type":"LineString","coordinates":[[-74.0447799207036,40.1181989824546],[-74.0453742056072,40.1185837645994],[-74.0459987060011,40.1189910910296]]}},{"type":"Feature","id":295466,"properties":{"OBJECTID":295466,"PRIMENAME":"FR RT 71 SB to MANASQUAN TRPK","ELEVTYP_F":0,"ELEVTYP_T":0},"geometry":{"type":"LineString","coordinates":[[-74.0424251444018,40.1388233730239],[-74.0424540094142,40.1387702008999],[-74.0424821325952,40.1387167951269],[-74.0425004798187,40.1386810699419]]}},{"type":"Feature","id":296660,"properties":{"OBJECTID":296660,"PRIMENAME":"2nd Avenue","ELEVTYP_F":0,"ELEVTYP_T":0},"geometry":{"type":"LineString","coordinates":[[-74.0331012146833,40.1288391306557],[-74.0330289474689,40.1290726282627],[-74.0330221945242,40.1291016364121],[-74.0329794234016,40.1292853531672]]}},{"type":"Feature","id":298753,"properties":{"OBJECTID":298753,"PRIMENAME":"FR RT 71 SB to STOCKTON LAKE BLVD","ELEVTYP_F":0,"ELEVTYP_T":0},"geometry":{"type":"LineString","coordinates":[[-74.0454852302498,40.1257378134238],[-74.0455075464142,40.1257252140166],[-74.0455306778274,40.1257135130963],[-74.0455545631619,40.1257027416851],[-74.0455791390912,40.1256929283407],[-74.0456043404582,40.1256840990807],[-74.0456301004476,40.1256762773137],[-74.0456563507631,40.1256694837772],[-74.0456830218085,40.1256637364825],[-74.0457100428721,40.1256590506671],[-74.0457373423145,40.1256554387543],[-74.0457648477581,40.1256529103202],[-74.0457924862792,40.1256514720681],[-74.0458201846014,40.1256511278115],[-74.0458478692895,40.1256518784628],[-74.0458754669448,40.1256537220321],[-74.0459029043992,40.1256566536314]]}},{"type":"Feature","id":298971,"properties":{"OBJECTID":298971,"PRIMENAME":"Manasquan Turnpike","ELEVTYP_F":0,"ELEVTYP_T":0},"geometry":{"type":"LineString","coordinates":[[-74.0428112021995,40.1381457679319],[-74.042681485645,40.138357041604],[-74.0426636481587,40.1383878294838],[-74.0426005353265,40.1384967646939],[-74.0425678176713,40.138553238024],[-74.0425578428259,40.1385642383015]]}},{"type":"Feature","id":298972,"properties":{"OBJECTID":298972,"PRIMENAME":"Sea Girt Avenue","ELEVTYP_F":0,"ELEVTYP_T":0},"geometry":{"type":"LineString","coordinates":[[-74.0405163382354,40.128718290723],[-74.0408063737533,40.1289004283596]]}},{"type":"Feature","id":299110,"properties":{"OBJECTID":299110,"PRIMENAME":"West Chicago Boulevard","ELEVTYP_F":0,"ELEVTYP_T":0},"geometry":{"type":"LineString","coordinates":[[-74.0456167682653,40.1381840820058],[-74.0456304266495,40.1382801421795],[-74.0456714275407,40.1383331425561],[-74.0456224271305,40.13845714198],[-74.0453984274178,40.1388401423482],[-74.0453314280329,40.1389091427866],[-74.045239426717,40.1389761418607],[-74.044941427544,40.1394921428419],[-74.0449404270449,40.1395221433809],[-74.0449634282633,40.1395561426978],[-74.0449944248243,40.1395741421591],[-74.0450324264191,40.1395861435608],[-74.0451124262009,40.1395991430638],[-74.0453184272946,40.1396081419927],[-74.0454414270058,40.1396331414717],[-74.0454924262371,40.1396401418073],[-74.0458724268593,40.1396631418481],[-74.0459234281569,40.1396631427903],[-74.0460854262253,40.1396481420241],[-74.0462164257114,40.1396261419451],[-74.0463004260249,40.1396171426976],[-74.0465934272791,40.1396441434854],[-74.0467804270211,40.1395921422792]]}},{"type":"Feature","id":301560,"properties":{"OBJECTID":301560,"PRIMENAME":"2nd Avenue","ELEVTYP_F":0,"ELEVTYP_T":0},"geometry":{"type":"LineString","coordinates":[[-74.032898510433,40.1296845219977],[-74.0328812796736,40.1297773806517],[-74.0328598362536,40.1298325574734]]}},{"type":"Feature","id":301668,"properties":{"OBJECTID":301668,"PRIMENAME":"Camp Drive","ELEVTYP_F":0,"ELEVTYP_T":0},"geometry":{"type":"LineString","coordinates":[[-74.0426030229699,40.1293499079197],[-74.0426219757481,40.1293122008361],[-74.0426701808138,40.1292170437838],[-74.0427180684877,40.129121778275],[-74.0427656972629,40.1290264306607],[-74.0428356862362,40.1288898226418],[-74.0428732879024,40.1288164283262],[-74.0429354242751,40.1286931392008]]}},{"type":"Feature","id":302076,"properties":{"OBJECTID":302076,"PRIMENAME":"Sea Girt Avenue","ELEVTYP_F":0,"ELEVTYP_T":0},"geometry":{"type":"LineString","coordinates":[[-74.0360407532959,40.1259079337806],[-74.0362476880592,40.1260377920997]]}},{"type":"Feature","id":304112,"properties":{"OBJECTID":304112,"PRIMENAME":"North Farragut Avenue","ELEVTYP_F":0,"ELEVTYP_T":0},"geometry":{"type":"LineString","coordinates":[[-74.0415511166725,40.1211136949687],[-74.0413391817042,40.1213084038436],[-74.0411643941916,40.1214506864422],[-74.0410550130324,40.1215397227133]]}},{"type":"Feature","id":305705,"properties":{"OBJECTID":305705,"PRIMENAME":"New York Boulevard","ELEVTYP_F":0,"ELEVTYP_T":0},"geometry":{"type":"LineString","coordinates":[[-74.0340578129616,40.1342578798163],[-74.0349819313096,40.1344040194605],[-74.0361894977264,40.1345937851844]]}},{"type":"Feature","id":306915,"properties":{"OBJECTID":306915,"PRIMENAME":"Ocean Avenue","ELEVTYP_F":0,"ELEVTYP_T":0},"geometry":{"type":"LineString","coordinates":[[-74.0272802874315,40.1363841464143],[-74.0275108352524,40.1354461713548],[-74.0275350619595,40.1353566638694]]}},{"type":"Feature","id":307384,"properties":{"OBJECTID":307384,"PRIMENAME":"3rd Avenue","ELEVTYP_F":0,"ELEVTYP_T":0},"geometry":{"type":"LineString","coordinates":[[-74.0332356600548,40.1373178452419],[-74.0333759124879,40.1367996608054],[-74.0334400399275,40.1365679697065],[-74.0335145049633,40.1362989292179]]}},{"type":"Feature","id":307673,"properties":{"OBJECTID":307673,"PRIMENAME":"Brooklyn Boulevard","ELEVTYP_F":0,"ELEVTYP_T":0},"geometry":{"type":"LineString","coordinates":[[-74.0337903762214,40.1352743179436],[-74.031606526362,40.1349289875942],[-74.0314704350081,40.1349077375548]]}},{"type":"Feature","id":308483,"properties":{"OBJECTID":308483,"PRIMENAME":"1st Avenue","ELEVTYP_F":0,"ELEVTYP_T":0},"geometry":{"type":"LineString","coordinates":[[-74.0302234920449,40.1325887906347],[-74.0299682424195,40.133521318613],[-74.0299446393606,40.1336092637846]]}},{"type":"Feature","id":308851,"properties":{"OBJECTID":308851,"PRIMENAME":"Robert Street","ELEVTYP_F":0,"ELEVTYP_T":0},"geometry":{"type":"LineString","coordinates":[[-74.0454852302498,40.1257378134238],[-74.045467760221,40.1259404964088],[-74.0454652704825,40.1259693824342],[-74.0454432432707,40.1263071602692],[-74.0454412149857,40.1263261270516],[-74.0454010606689,40.1267017949008],[-74.045369380605,40.127001594312],[-74.045348515948,40.1271647472341],[-74.0453078357373,40.1273391890008],[-74.0452784159724,40.1274669519058]]}},{"type":"Feature","id":309501,"properties":{"OBJECTID":309501,"PRIMENAME":"Washington Boulevard","ELEVTYP_F":0,"ELEVTYP_T":0},"geometry":{"type":"LineString","coordinates":[[-74.0427455233301,40.130201936809],[-74.042656254176,40.1301849873884],[-74.0423913228325,40.1301346814824],[-74.0423187902927,40.1301229147246],[-74.0421760741954,40.1300997623418]]}},{"type":"Feature","id":309524,"properties":{"OBJECTID":309524,"PRIMENAME":"Cresent Parkway","ELEVTYP_F":0,"ELEVTYP_T":0},"geometry":{"type":"LineString","coordinates":[[-74.0391000235114,40.13065915818],[-74.0385473254987,40.1305720181383],[-74.0373185709414,40.1303782941642]]}},{"type":"Feature","id":310465,"properties":{"OBJECTID":310465,"PRIMENAME":"Unnamed Segment","ELEVTYP_F":0,"ELEVTYP_T":0},"geometry":{"type":"LineString","coordinates":[[-74.0361014211458,40.1203431377609],[-74.0359824220852,40.1205051394555],[-74.0356084220585,40.1219691387693],[-74.0355984211277,40.1220281395385],[-74.0356054243201,40.1221181398503],[-74.0356254223751,40.1221531396342],[-74.0362414224998,40.1225751393666],[-74.0364474230347,40.1227041397959],[-74.0366774496682,40.1228545020735],[-74.0373194230888,40.1232741392736],[-74.0373524226881,40.1233021392254],[-74.0373914239905,40.1233451388453],[-74.0374544222377,40.1233971393762],[-74.0384994221264,40.1240731388324],[-74.0387504249408,40.1242411385259],[-74.0392104239866,40.1245261398483]]}},{"type":"Feature","id":310656,"properties":{"OBJECTID":310656,"PRIMENAME":"2nd Avenue","ELEVTYP_F":0,"ELEVTYP_T":0},"geometry":{"type":"LineString","coordinates":[[-74.03076515065,40.1375141042025],[-74.0309179877004,40.1369550242032]]}},{"type":"Feature","id":311246,"properties":{"OBJECTID":311246,"PRIMENAME":"Cresent Parkway","ELEVTYP_F":0,"ELEVTYP_T":0},"geometry":{"type":"LineString","coordinates":[[-74.041744076249,40.1308763436357],[-74.0415879886019,40.1308509912849],[-74.0409863595214,40.1307532644717],[-74.0408932892053,40.1307386196918],[-74.0408062822826,40.1307478003759],[-74.0407378088686,40.1307666089585],[-74.0406319515493,40.1308186242793],[-74.0405697357689,40.1308374296624],[-74.0405003533212,40.1308477995849],[-74.0404765093444,40.1308513626566],[-74.0403833150548,40.1308605193717],[-74.0402344462851,40.1308360990352],[-74.039167583743,40.1306698038281],[-74.0391000235114,40.13065915818]]}},{"type":"Feature","id":311254,"properties":{"OBJECTID":311254,"PRIMENAME":"North Potter Avenue","ELEVTYP_F":0,"ELEVTYP_T":0},"geometry":{"type":"LineString","coordinates":[[-74.0392828973261,40.1171225849589],[-74.0390317933294,40.1173465899985]]}},{"type":"Feature","id":311944,"properties":{"OBJECTID":311944,"PRIMENAME":"Camp Drive","ELEVTYP_F":0,"ELEVTYP_T":0},"geometry":{"type":"LineString","coordinates":[[-74.042306102349,40.1298510855978],[-74.0423657415308,40.1298045847405],[-74.0423929976795,40.1297684110503],[-74.0424231891554,40.1297134048198],[-74.0424452989743,40.1296649560626],[-74.0424524503052,40.129648567531],[-74.042462608578,40.1296271668578],[-74.0424734797572,40.1296060157877],[-74.0424816021002,40.1295893563814],[-74.0424978730895,40.1295577129449],[-74.0425649948174,40.129425571983],[-74.0426030229699,40.1293499079197]]}},{"type":"Feature","id":312821,"properties":{"OBJECTID":312821,"PRIMENAME":"West Chicago Boulevard","ELEVTYP_F":0,"ELEVTYP_T":0},"geometry":{"type":"LineString","coordinates":[[-74.0460623576322,40.1382543004012],[-74.0456167682653,40.1381840820058]]}},{"type":"Feature","id":313810,"properties":{"OBJECTID":313810,"PRIMENAME":"Bell Place","ELEVTYP_F":0,"ELEVTYP_T":0},"geometry":{"type":"LineString","coordinates":[[-74.0427478976248,40.1313571690645],[-74.0426470865169,40.1315527401665],[-74.0425695030791,40.1317032497976],[-74.0423240797579,40.1321884165754],[-74.0422611915121,40.132307341205],[-74.0422449894775,40.1323501038157]]}},{"type":"Feature","id":315026,"properties":{"OBJECTID":315026,"PRIMENAME":"2nd Avenue","ELEVTYP_F":0,"ELEVTYP_T":0},"geometry":{"type":"LineString","coordinates":[[-74.0335356666614,40.1185224129591],[-74.0335314732063,40.11853501739],[-74.0335314643157,40.1185414689719],[-74.0335322791639,40.1185478968508],[-74.033533880598,40.118554244134],[-74.0335363055337,40.118560430809],[-74.0335395191336,40.1185664044955],[-74.0335434491053,40.1185721000529],[-74.0335481321245,40.1185774725945],[-74.0335534266458,40.1185824621049],[-74.033559366863,40.1185870435025],[-74.0335658464007,40.1185911605162],[-74.0338414628847,40.1187606084995],[-74.0339156591285,40.118808348973],[-74.034082383078,40.1189160312673],[-74.0342496116777,40.1190232487943],[-74.0344173437536,40.119130001547],[-74.0344795473575,40.1191692900419],[-74.0345422901668,40.1192081411354],[-74.0346054646245,40.1192464994523],[-74.0346691444492,40.1192843932095],[-74.0347332909259,40.1193218222507],[-74.0347979429527,40.1193587597107],[-74.0348630266257,40.1193952043912],[-74.0348768224398,40.1194013817622],[-74.0348910160005,40.1194070383307],[-74.0349054993639,40.1194121754645],[-74.0349203090882,40.119416765389],[-74.0349354076438,40.119420806152],[-74.0349506884439,40.1194242721063],[-74.0349662238627,40.1194272166826],[-74.0349819065204,40.1194295583883],[-74.0349976998642,40.1194313240969]]}},{"type":"Feature","id":316370,"properties":{"OBJECTID":316370,"PRIMENAME":"Trenton Boulevard","ELEVTYP_F":0,"ELEVTYP_T":0},"geometry":{"type":"LineString","coordinates":[[-74.0405163382354,40.128718290723],[-74.0401001280281,40.1286526737826],[-74.0396605901604,40.1285833652868]]}},{"type":"Feature","id":317033,"properties":{"OBJECTID":317033,"PRIMENAME":"Ocean Avenue","ELEVTYP_F":0,"ELEVTYP_T":0},"geometry":{"type":"LineString","coordinates":[[-74.0343012424749,40.115500778652],[-74.0344151137666,40.1155240220429],[-74.0344993932055,40.1155503041987],[-74.0345989864623,40.1155960846562],[-74.0347054991819,40.1156602578347],[-74.0348936780395,40.1157850022493],[-74.0349261622077,40.1158065357198],[-74.0350498206366,40.1158924677721],[-74.0359333382191,40.1165064266093],[-74.0366994832738,40.1170385402593],[-74.0381207805519,40.1180022163673],[-74.0382218706322,40.1180707582211]]}},{"type":"Feature","id":318437,"properties":{"OBJECTID":318437,"PRIMENAME":"Cedar Avenue","ELEVTYP_F":0,"ELEVTYP_T":0},"geometry":{"type":"LineString","coordinates":[[-74.0453607476856,40.1176836653018],[-74.044341558023,40.1170307258762],[-74.0442488882871,40.1169696630546]]}},{"type":"Feature","id":319030,"properties":{"OBJECTID":319030,"PRIMENAME":"Boston Boulevard","ELEVTYP_F":0,"ELEVTYP_T":0},"geometry":{"type":"LineString","coordinates":[[-74.0456187278117,40.1328765947823],[-74.0455050369852,40.1328586888796],[-74.0432967890392,40.1325115889871],[-74.0431661293009,40.1324910604278]]}},{"type":"Feature","id":319144,"properties":{"OBJECTID":319144,"PRIMENAME":"Washington Boulevard","ELEVTYP_F":0,"ELEVTYP_T":0},"geometry":{"type":"LineString","coordinates":[[-74.0331368023684,40.1286767797527],[-74.0329411884391,40.1286431025019],[-74.0328626101938,40.1286332599277]]}},{"type":"Feature","id":319371,"properties":{"OBJECTID":319371,"PRIMENAME":"Robert Street","ELEVTYP_F":0,"ELEVTYP_T":0},"geometry":{"type":"LineString","coordinates":[[-74.0455321328126,40.1254128166213],[-74.0455179647843,40.1254836999313],[-74.0454920903005,40.1256582260365],[-74.0454852302498,40.1257378134238]]}},{"type":"Feature","id":320355,"properties":{"OBJECTID":320355,"PRIMENAME":"1st Avenue","ELEVTYP_F":0,"ELEVTYP_T":0},"geometry":{"type":"LineString","coordinates":[[-74.0329481031354,40.1172331592588],[-74.0327447107353,40.1179854011917]]}},{"type":"Feature","id":322032,"properties":{"OBJECTID":322032,"PRIMENAME":"Unnamed Segment","ELEVTYP_F":0,"ELEVTYP_T":0},"geometry":{"type":"LineString","coordinates":[[-74.0392104239866,40.1245261398483],[-74.0398064242825,40.1239761388621],[-74.0402544242324,40.1235761393023]]}},{"type":"Feature","id":322431,"properties":{"OBJECTID":322431,"PRIMENAME":"Baltimore Avenue","ELEVTYP_F":0,"ELEVTYP_T":0},"geometry":{"type":"LineString","coordinates":[[-74.0409129814317,40.1342704061108],[-74.0416939503249,40.1343934958049]]}},{"type":"Feature","id":322703,"properties":{"OBJECTID":322703,"PRIMENAME":"Camp Drive","ELEVTYP_F":0,"ELEVTYP_T":0},"geometry":{"type":"LineString","coordinates":[[-74.0432692735325,40.1277499941563],[-74.0432552335916,40.1277769458346],[-74.043206233893,40.1278789065015],[-74.0431536985665,40.1279801929962],[-74.0430685487192,40.1281559401381],[-74.0429799153026,40.1283337054102],[-74.0428965348755,40.1285121218215],[-74.0428658572174,40.1285699544207],[-74.042840916932,40.1286196008147],[-74.0428367557376,40.1286294775144]]}},{"type":"Feature","id":323519,"properties":{"OBJECTID":323519,"PRIMENAME":"5th Avenue","ELEVTYP_F":0,"ELEVTYP_T":0},"geometry":{"type":"LineString","coordinates":[[-74.0396605901604,40.1285833652868],[-74.0397298054461,40.1283271207626],[-74.0397534628838,40.1282397492466]]}},{"type":"Feature","id":324570,"properties":{"OBJECTID":324570,"PRIMENAME":"Camp Drive","ELEVTYP_F":0,"ELEVTYP_T":0},"geometry":{"type":"LineString","coordinates":[[-74.0433826252932,40.127784247456],[-74.0433852236014,40.1277785581638],[-74.0434074260564,40.1277316740603],[-74.0434303030253,40.1276849844573],[-74.0434538967462,40.1276384895209],[-74.0434781671384,40.1275922170138],[-74.0435104678823,40.1275271707449],[-74.0435434468016,40.1274622928653],[-74.043577139731,40.1273976636765],[-74.0435892668748,40.1273703684631],[-74.0436019292945,40.127343212262],[-74.0436151993611,40.1273162512006],[-74.0436174544875,40.1273118692462]]}},{"type":"Feature","id":325085,"properties":{"OBJECTID":325085,"PRIMENAME":"East Main Street","ELEVTYP_F":0,"ELEVTYP_T":0},"geometry":{"type":"LineString","coordinates":[[-74.0455733745758,40.1199653484674],[-74.0466070593411,40.120640762454]]}},{"type":"Feature","id":327749,"properties":{"OBJECTID":327749,"PRIMENAME":"Unnamed Segment","ELEVTYP_F":0,"ELEVTYP_T":0},"geometry":{"type":"LineString","coordinates":[[-74.0419901388122,40.1280807413762],[-74.0422211837728,40.1282323116045],[-74.0428367557376,40.1286294775144]]}},{"type":"Feature","id":327932,"properties":{"OBJECTID":327932,"PRIMENAME":"Baltimore Boulevard","ELEVTYP_F":0,"ELEVTYP_T":0},"geometry":{"type":"LineString","coordinates":[[-74.0343281338607,40.1332316791529],[-74.0337486582716,40.1331408112108],[-74.0324274596683,40.1329352983095],[-74.0320201986039,40.1328712799875]]}},{"type":"Feature","id":329500,"properties":{"OBJECTID":329500,"PRIMENAME":"Unnamed Segment","ELEVTYP_F":0,"ELEVTYP_T":0},"geometry":{"type":"LineString","coordinates":[[-74.0392104239866,40.1245261398483],[-74.0399844246302,40.1250291388068]]}},{"type":"Feature","id":329997,"properties":{"OBJECTID":329997,"PRIMENAME":"Stockton Lake Boulevard","ELEVTYP_F":0,"ELEVTYP_T":0},"geometry":{"type":"LineString","coordinates":[[-74.0375887484677,40.1186435097305],[-74.0375760816901,40.1186815906246],[-74.0375942595417,40.1187483743565],[-74.0376985872719,40.1189251488794],[-74.0377601786892,40.1189968822076],[-74.0378528086299,40.1190687393605],[-74.0381742504035,40.1192797347252],[-74.0384956255008,40.1194955061689],[-74.0386254816562,40.1195675110327],[-74.0386833266083,40.1195959626632]]}},{"type":"Feature","id":330372,"properties":{"OBJECTID":330372,"PRIMENAME":"6th Avenue","ELEVTYP_F":0,"ELEVTYP_T":0},"geometry":{"type":"LineString","coordinates":[[-74.0402942381761,40.1331092184963],[-74.0402234837708,40.1333811613648],[-74.0400204390176,40.1341288039158]]}},{"type":"Feature","id":330562,"properties":{"OBJECTID":330562,"PRIMENAME":"Beacon Boulevard","ELEVTYP_F":0,"ELEVTYP_T":0},"geometry":{"type":"LineString","coordinates":[[-74.040603272972,40.1384773227568],[-74.0387441842168,40.138189062698],[-74.0385718346324,40.1381612952336],[-74.0384141452943,40.1381358889963]]}},{"type":"Feature","id":330634,"properties":{"OBJECTID":330634,"PRIMENAME":"7th Avenue","ELEVTYP_F":0,"ELEVTYP_T":0},"geometry":{"type":"LineString","coordinates":[[-74.0424333435596,40.1355697571046],[-74.0423727475403,40.1358158799768],[-74.0423014135304,40.1361269140948],[-74.0422658592806,40.1362710109034],[-74.0422353313682,40.1363961582612],[-74.0422096538806,40.1365289283562],[-74.0421995086254,40.1366015563308]]}},{"type":"Feature","id":331471,"properties":{"OBJECTID":331471,"PRIMENAME":"Sea Girt Avenue","ELEVTYP_F":0,"ELEVTYP_T":0},"geometry":{"type":"LineString","coordinates":[[-74.0322524120252,40.1235343500565],[-74.0322621647688,40.1235358170323],[-74.0325218165923,40.1236941431417],[-74.0338508842631,40.1245383529667],[-74.0339948600438,40.1246273238664],[-74.0341230282353,40.1247065261115]]}},{"type":"Feature","id":331844,"properties":{"OBJECTID":331844,"PRIMENAME":"North Jackson Avenue","ELEVTYP_F":0,"ELEVTYP_T":0},"geometry":{"type":"LineString","coordinates":[[-74.0405498117476,40.1179344881382],[-74.0411731826017,40.1173661292807],[-74.0413480978502,40.1172085011539]]}},{"type":"Feature","id":332903,"properties":{"OBJECTID":332903,"PRIMENAME":"1st Avenue","ELEVTYP_F":0,"ELEVTYP_T":0},"geometry":{"type":"LineString","coordinates":[[-74.0284865938949,40.1386815649804],[-74.0284452295274,40.1388124063401]]}},{"type":"Feature","id":333463,"properties":{"OBJECTID":333463,"PRIMENAME":"Washington Boulevard","ELEVTYP_F":0,"ELEVTYP_T":0},"geometry":{"type":"LineString","coordinates":[[-74.0393711037441,40.129655321897],[-74.0389054777514,40.1295822842153],[-74.0379999133746,40.1294404488667],[-74.0375821276422,40.1293748436166]]}},{"type":"Feature","id":334149,"properties":{"OBJECTID":334149,"PRIMENAME":"Lake Avenue","ELEVTYP_F":0,"ELEVTYP_T":0},"geometry":{"type":"LineString","coordinates":[[-74.0392848927946,40.1190681032599],[-74.0393733624311,40.1191367578212],[-74.0407518108702,40.1200287444148],[-74.0408235186778,40.120075149288]]}},{"type":"Feature","id":334672,"properties":{"OBJECTID":334672,"PRIMENAME":"Manasquan Turnpike","ELEVTYP_F":0,"ELEVTYP_T":0},"geometry":{"type":"LineString","coordinates":[[-74.0456187278117,40.1328765947823],[-74.0455457862819,40.1330448005284],[-74.0453798926048,40.1334273510373],[-74.045192851393,40.1338701190516]]}},{"type":"Feature","id":336038,"properties":{"OBJECTID":336038,"PRIMENAME":"Cresent Parkway","ELEVTYP_F":0,"ELEVTYP_T":0},"geometry":{"type":"LineString","coordinates":[[-74.0372786506069,40.1305268197097],[-74.0354512178671,40.1302403076211],[-74.035136251418,40.1301908634282]]}},{"type":"Feature","id":336856,"properties":{"OBJECTID":336856,"PRIMENAME":"4th Avenue","ELEVTYP_F":0,"ELEVTYP_T":0},"geometry":{"type":"LineString","coordinates":[[-74.0372786506069,40.1305268197097],[-74.0371482543828,40.1310121279697]]}},{"type":"Feature","id":340878,"properties":{"OBJECTID":340878,"PRIMENAME":"North Potter Avenue","ELEVTYP_F":0,"ELEVTYP_T":0},"geometry":{"type":"LineString","coordinates":[[-74.0390317933294,40.1173465899985],[-74.0384806187194,40.1178382190035]]}},{"type":"Feature","id":340926,"properties":{"OBJECTID":340926,"PRIMENAME":"4th Avenue","ELEVTYP_F":0,"ELEVTYP_T":0},"geometry":{"type":"LineString","coordinates":[[-74.0364639069569,40.1335666898292],[-74.0363445155631,40.1340091368676],[-74.0361894977264,40.1345937851844]]}},{"type":"Feature","id":341248,"properties":{"OBJECTID":341248,"PRIMENAME":"6th Avenue","ELEVTYP_F":0,"ELEVTYP_T":0},"geometry":{"type":"LineString","coordinates":[[-74.0394454348261,40.1361709084588],[-74.0393088104062,40.1364183197043],[-74.039218386228,40.1365911056141],[-74.0389282591627,40.1371454872232]]}},{"type":"Feature","id":341441,"properties":{"OBJECTID":341441,"PRIMENAME":"Parker Avenue","ELEVTYP_F":0,"ELEVTYP_T":0},"geometry":{"type":"LineString","coordinates":[[-74.0449476368764,40.1282011144847],[-74.0447908636629,40.1284722270109],[-74.0445907276176,40.1288206961779],[-74.0440451845512,40.1297941726113],[-74.0437849970363,40.1302487017865],[-74.0437048110683,40.130404016127],[-74.0436472920117,40.1305177990807]]}},{"type":"Feature","id":341786,"properties":{"OBJECTID":341786,"PRIMENAME":"Trenton Boulevard","ELEVTYP_F":0,"ELEVTYP_T":0},"geometry":{"type":"LineString","coordinates":[[-74.0357320405419,40.1279647895202],[-74.0334188166676,40.1276024208818]]}},{"type":"Feature","id":342724,"properties":{"OBJECTID":342724,"PRIMENAME":"Neptune Place","ELEVTYP_F":0,"ELEVTYP_T":0},"geometry":{"type":"LineString","coordinates":[[-74.033954964289,40.1255785520495],[-74.0342346529826,40.125621817589],[-74.0355619431508,40.1258320566273],[-74.0357146012367,40.1258562495728]]}},{"type":"Feature","id":343395,"properties":{"OBJECTID":343395,"PRIMENAME":"7th Avenue","ELEVTYP_F":0,"ELEVTYP_T":0},"geometry":{"type":"LineString","coordinates":[[-74.0434077128778,40.1314619793687],[-74.0432938004152,40.1319588405554],[-74.0431661293009,40.1324910604278]]}},{"type":"Feature","id":344191,"properties":{"OBJECTID":344191,"PRIMENAME":"Curtis Place","ELEVTYP_F":0,"ELEVTYP_T":0},"geometry":{"type":"LineString","coordinates":[[-74.0461732483522,40.1286014380941],[-74.0459504724406,40.1290048365455],[-74.0453975702242,40.129979718081],[-74.0449514373046,40.1307739084529],[-74.0449079322493,40.1308513468143]]}},{"type":"Feature","id":344279,"properties":{"OBJECTID":344279,"PRIMENAME":"Unnamed Segment","ELEVTYP_F":0,"ELEVTYP_T":0},"geometry":{"type":"LineString","coordinates":[[-74.0428367557376,40.1286294775144],[-74.0428916826904,40.1286649165209],[-74.0429354242751,40.1286931392008]]}},{"type":"Feature","id":345454,"properties":{"OBJECTID":345454,"PRIMENAME":"Manasquan Turnpike","ELEVTYP_F":0,"ELEVTYP_T":0},"geometry":{"type":"LineString","coordinates":[[-74.0430256206823,40.1377857048725],[-74.0429223722485,40.1379647018912],[-74.0428112021995,40.1381457679319]]}},{"type":"Feature","id":346348,"properties":{"OBJECTID":346348,"PRIMENAME":"2nd Avenue","ELEVTYP_F":0,"ELEVTYP_T":0},"geometry":{"type":"LineString","coordinates":[[-74.0327830818293,40.1300159352945],[-74.0327173656337,40.1301437105935],[-74.0326604241367,40.130229974478]]}},{"type":"Feature","id":347463,"properties":{"OBJECTID":347463,"PRIMENAME":"North Jackson Avenue","ELEVTYP_F":0,"ELEVTYP_T":0},"geometry":{"type":"LineString","coordinates":[[-74.0386833266083,40.1195959626632],[-74.0387748405833,40.1195156706671],[-74.0392848927946,40.1190681032599]]}},{"type":"Feature","id":361254,"properties":{"OBJECTID":361254,"PRIMENAME":"North McClellan Avenue","ELEVTYP_F":0,"ELEVTYP_T":0},"geometry":{"type":"LineString","coordinates":[[-74.0420774555291,40.1189357916928],[-74.0422626748525,40.1187669191677],[-74.0427356111573,40.1183415367012],[-74.0428060510656,40.1182781785644],[-74.0428835457467,40.1182079030325]]}},{"type":"Feature","id":372707,"properties":{"OBJECTID":372707,"PRIMENAME":"North McClellan Avenue","ELEVTYP_F":0,"ELEVTYP_T":0},"geometry":{"type":"LineString","coordinates":[[-74.0412716964686,40.1196703193985],[-74.0420774555291,40.1189357916928]]}},{"type":"Feature","id":377698,"properties":{"OBJECTID":377698,"PRIMENAME":"North McClellan Avenue","ELEVTYP_F":0,"ELEVTYP_T":0},"geometry":{"type":"LineString","coordinates":[[-74.0408235186778,40.120075149288],[-74.0412007435243,40.119735047196],[-74.0412716964686,40.1196703193985]]}},{"type":"Feature","id":378903,"properties":{"OBJECTID":378903,"PRIMENAME":"North McClellan Avenue","ELEVTYP_F":0,"ELEVTYP_T":0},"geometry":{"type":"LineString","coordinates":[[-74.0404488430072,40.1204129824042],[-74.0408235186778,40.120075149288]]}},{"type":"Feature","id":380483,"properties":{"OBJECTID":380483,"PRIMENAME":"The Plaza","ELEVTYP_F":0,"ELEVTYP_T":0},"geometry":{"type":"LineString","coordinates":[[-74.042306102349,40.1298510855978],[-74.0421760741954,40.1300997623418]]}},{"type":"Feature","id":384615,"properties":{"OBJECTID":384615,"PRIMENAME":"Brown Avenue","ELEVTYP_F":0,"ELEVTYP_T":0},"geometry":{"type":"LineString","coordinates":[[-74.0282097879103,40.1395623730954],[-74.0281050630824,40.1395229864392],[-74.0266099550421,40.1392502072679],[-74.0265153744948,40.1392304387928],[-74.0264395799239,40.139230128866],[-74.0264310338728,40.1392327104024]]}},{"type":"Feature","id":387537,"properties":{"OBJECTID":387537,"PRIMENAME":"Brown Avenue","ELEVTYP_F":0,"ELEVTYP_T":0},"geometry":{"type":"LineString","coordinates":[[-74.0301285292696,40.1399437749943],[-74.0301313040511,40.1399346731409],[-74.028295480345,40.1395983523072],[-74.0282097879103,40.1395623730954]]}},{"type":"Feature","id":391889,"properties":{"OBJECTID":391889,"PRIMENAME":"1st Avenue","ELEVTYP_F":0,"ELEVTYP_T":0},"geometry":{"type":"LineString","coordinates":[[-74.0282097879103,40.1395623730954],[-74.0279007628852,40.1405542176599]]}},{"type":"Feature","id":400078,"properties":{"OBJECTID":400078,"PRIMENAME":"North McClellan Avenue","ELEVTYP_F":0,"ELEVTYP_T":0},"geometry":{"type":"LineString","coordinates":[[-74.0400609248104,40.1207626759721],[-74.0401638953925,40.1206698268887],[-74.0404488430072,40.1204129824042]]}},{"type":"Feature","id":400422,"properties":{"OBJECTID":400422,"PRIMENAME":"1st Avenue","ELEVTYP_F":0,"ELEVTYP_T":0},"geometry":{"type":"LineString","coordinates":[[-74.0284452295274,40.1388124063401],[-74.0283995337661,40.138956954654],[-74.0283830612867,40.1390095063863],[-74.0282157745281,40.1395431489853],[-74.0282097879103,40.1395623730954]]}},{"type":"Feature","id":434929,"properties":{"OBJECTID":434929,"PRIMENAME":"Boardwalk","ELEVTYP_F":0,"ELEVTYP_T":0},"geometry":{"type":"LineString","coordinates":[[-74.0299623903065,40.1270801486569],[-74.0296535573553,40.1282670325654],[-74.0296383370207,40.1283211064176],[-74.0293953865014,40.1285651552577],[-74.0293654365248,40.128602073315],[-74.0291329655602,40.1294786979946],[-74.0287674852661,40.1308021131159],[-74.0287595694587,40.1308733124423],[-74.028470842441,40.1312938259803],[-74.028440655631,40.1313649345967],[-74.0278500725165,40.1335649985264],[-74.0275643726314,40.1346180551575],[-74.0273355108669,40.1355032374609],[-74.0271869272755,40.1360525361597],[-74.0270764118433,40.1364652257787]]}},{"type":"Feature","id":434930,"properties":{"OBJECTID":434930,"PRIMENAME":"Boardwalk","ELEVTYP_F":0,"ELEVTYP_T":0},"geometry":{"type":"LineString","coordinates":[[-74.0259149943283,40.1391277283128],[-74.0258384123852,40.1392965882866],[-74.0255305312733,40.1401946205612],[-74.0251692903235,40.1412571553643],[-74.0248609273004,40.1422219628657],[-74.0244876224989,40.1433147896296],[-74.0243563334409,40.1437283500111],[-74.0242471668387,40.1441447643955],[-74.023945525063,40.1450750364723],[-74.0237042493725,40.1458130243085],[-74.0234816913643,40.146511449552],[-74.0227574400008,40.1487792019098],[-74.0220136207704,40.1511997595391],[-74.0216885262203,40.1523083021688],[-74.0214577328214,40.1531227738133],[-74.0213896877739,40.153354661996],[-74.0213256494174,40.1535412651478],[-74.0208334047201,40.1553286340752],[-74.0207879132116,40.1555011576132],[-74.0207007767992,40.1558235693282],[-74.0203863697443,40.1569802830393],[-74.0201131807816,40.158046564368],[-74.0200526455241,40.1582586641117],[-74.019968317894,40.1585012594812],[-74.0198035673391,40.1588701595895],[-74.0197161255446,40.1590966700991],[-74.0196181656834,40.1594621874618],[-74.0195398486055,40.1597472834616],[-74.0194762248667,40.1599775520439],[-74.0190232722013,40.1613112938203],[-74.0188673254235,40.161782687568],[-74.0187505899758,40.162104215168],[-74.0185118291239,40.1628204335593],[-74.0183024558274,40.1634269961369],[-74.0181708378521,40.1638289647426],[-74.0179613018818,40.1644574808638],[-74.017854511141,40.1647205019598],[-74.0177377916502,40.1650383689671],[-74.0174843115286,40.1658094118037]]}}]}
